iteration,temperature,accepted,new_best_utility,regions,dfs,best_dfs_seen,penalty,current_utility,best_utility,candidate_utility,move_type,merge_parent_id,split_node_id
0,0.08683318368986714,True,True,25,6.654518825639453,6.654518825639453,0.0,6.654518825639453,6.654518825639453,6.654518825639453,split,,2893
1,0.08683318368986714,True,True,26,6.683326931734406,6.683326931734406,0.0,6.683326931734406,6.683326931734406,6.683326931734406,split,,2812
2,0.08683318368986714,True,False,26,6.654518823026173,6.683326931734406,0.0,6.654518823026173,6.683326931734406,6.654518823026173,paired,2812,3013
4,0.08683318368986714,False,False,26,6.654518823026173,6.683326931734406,0.0,6.654518823026173,6.683326931734406,6.433685472794522,merge,2841,
5,0.08683318368986714,True,False,26,6.660711063282594,6.683326931734406,0.0,6.660711063282594,6.683326931734406,6.660711063282594,paired,2828,2847
6,0.08683318368986714,True,False,27,6.64111450532576,6.683326931734406,0.0,6.64111450532576,6.683326931734406,6.64111450532576,split,,1
7,0.08683318368986714,True,False,28,6.641114561640137,6.683326931734406,0.0,6.641114561640137,6.683326931734406,6.641114561640137,split,,2848
9,0.08683318368986714,True,False,29,6.6410001522881466,6.683326931734406,0.0,6.6410001522881466,6.683326931734406,6.6410001522881466,split,,3132
10,0.08683318368986714,True,False,28,6.630384807204493,6.683326931734406,0.0,6.630384807204493,6.683326931734406,6.630384807204493,merge,2866,
12,0.08683318368986714,True,False,27,6.630384809976185,6.683326931734406,0.0,6.630384809976185,6.683326931734406,6.630384809976185,merge,3013,
13,0.08683318368986714,True,False,28,6.630384794035116,6.683326931734406,0.0,6.630384794035116,6.683326931734406,6.630384794035116,split,,2894
14,0.08683318368986714,True,False,27,6.630384809976185,6.683326931734406,0.0,6.630384809976185,6.683326931734406,6.630384809976185,merge,2894,
15,0.08683318368986714,True,False,27,6.6303786500478274,6.683326931734406,0.0,6.6303786500478274,6.683326931734406,6.6303786500478274,paired,2873,2894
16,0.08683318368986714,True,False,28,6.630384794035116,6.683326931734406,0.0,6.630384794035116,6.683326931734406,6.630384794035116,split,,2873
17,0.08683318368986714,True,False,27,6.625319432067521,6.683326931734406,0.0,6.625319432067521,6.683326931734406,6.625319432067521,merge,2827,
18,0.08683318368986714,True,False,26,6.494897893494436,6.683326931734406,0.0,6.494897893494436,6.683326931734406,6.494897893494436,merge,2844,
19,0.08683318368986714,True,False,27,6.494897892259573,6.683326931734406,0.0,6.494897892259573,6.683326931734406,6.494897892259573,split,,2837
20,0.08683318368986714,True,False,26,6.494897893494436,6.683326931734406,0.0,6.494897893494436,6.683326931734406,6.494897893494436,merge,2837,
23,0.08683318368986714,True,False,27,6.625319432067521,6.683326931734406,0.0,6.625319432067521,6.683326931734406,6.625319432067521,split,,2844
24,0.08683318368986714,False,False,27,6.625319432067521,6.683326931734406,0.0,6.625319432067521,6.683326931734406,6.494897328513272,paired,2844,3366
25,0.08683318368986714,True,False,26,6.625319448018335,6.683326931734406,0.0,6.625319448018335,6.683326931734406,6.625319448018335,merge,2894,
26,0.08683318368986714,True,False,25,6.625314109924705,6.683326931734406,0.0,6.625314109924705,6.683326931734406,6.625314109924705,merge,2893,
27,0.08683318368986714,True,False,24,6.494892586023017,6.683326931734406,0.0,6.494892586023017,6.683326931734406,6.494892586023017,merge,2844,
28,0.08683318368986714,True,False,25,6.494892584788154,6.683326931734406,0.0,6.494892584788154,6.683326931734406,6.494892584788154,split,,2837
29,0.08683318368986714,True,False,26,6.494638313799509,6.683326931734406,0.0,6.494638313799509,6.683326931734406,6.494638313799509,split,,2788
30,0.08683318368986714,True,False,27,6.4946383043077525,6.683326931734406,0.0,6.4946383043077525,6.683326931734406,6.4946383043077525,split,,2679
31,0.08683318368986714,True,False,27,6.494644592585406,6.683326931734406,0.0,6.494644592585406,6.683326931734406,6.494644592585406,paired,3132,2
33,0.08683318368986714,True,False,28,6.5180564505021685,6.683326931734406,0.0,6.5180564505021685,6.683326931734406,6.5180564505021685,split,,2812
34,0.08683318368986714,True,False,29,6.518056373881247,6.683326931734406,0.0,6.518056373881247,6.683326931734406,6.518056373881247,split,,2850
35,0.08683318368986714,True,False,30,6.517962026971993,6.683326931734406,0.0,6.517962026971993,6.683326931734406,6.517962026971993,split,,3132
36,0.08683318368986714,True,False,30,6.537770785783984,6.683326931734406,0.0,6.537770785783984,6.683326931734406,6.537770785783984,paired,3132,2876
37,0.08683318368986714,True,False,30,6.667715585363776,6.683326931734406,0.0,6.667715585363776,6.683326931734406,6.667715585363776,paired,2873,2844
39,0.08683318368986714,True,False,30,6.558181086176518,6.683326931734406,0.0,6.558181086176518,6.683326931734406,6.558181086176518,paired,2823,2873
42,0.08683318368986714,True,False,30,6.552662211740323,6.683326931734406,0.0,6.552662211740323,6.683326931734406,6.552662211740323,paired,2850,3
44,0.08683318368986714,True,False,31,6.561127317153289,6.683326931734406,0.0,6.561127317153289,6.683326931734406,6.561127317153289,split,,2866
45,0.08683318368986714,True,False,32,6.560969542778821,6.683326931734406,0.0,6.560969542778821,6.683326931734406,6.560969542778821,split,,3132
47,0.08683318368986714,True,False,32,6.560972088954564,6.683326931734406,0.0,6.560972088954564,6.683326931734406,6.560972088954564,paired,2873,2789
48,0.08683318368986714,True,False,31,6.561129856680388,6.683326931734406,0.0,6.561129856680388,6.683326931734406,6.561129856680388,merge,3132,
49,0.08683318368986714,True,False,31,6.552418944079115,6.683326931734406,0.0,6.552418944079115,6.683326931734406,6.552418944079115,paired,2866,865
50,0.08683318368986714,True,False,30,6.557941106819342,6.683326931734406,0.0,6.557941106819342,6.683326931734406,6.557941106819342,merge,3,
51,0.08683318368986714,True,False,31,6.552418944079115,6.683326931734406,0.0,6.552418944079115,6.683326931734406,6.552418944079115,split,,3
53,0.08683318368986714,True,False,31,6.557942701238595,6.683326931734406,0.0,6.557942701238595,6.683326931734406,6.557942701238595,paired,3,2893
54,0.08683318368986714,True,False,32,6.5579480404329615,6.683326931734406,0.0,6.5579480404329615,6.683326931734406,6.5579480404329615,split,,2813
55,0.08683318368986714,True,False,32,6.558053276518201,6.683326931734406,0.0,6.558053276518201,6.683326931734406,6.558053276518201,paired,2,2727
57,0.08683318368986714,True,False,33,6.558055185732854,6.683326931734406,0.03,6.528055185732854,6.683326931734406,6.528055185732854,split,,2793
58,0.08683318368986714,True,False,34,6.558058632696742,6.683326931734406,0.06,6.498058632696742,6.683326931734406,6.498058632696742,split,,2873
59,0.08683318368986714,False,False,34,6.558058632696742,6.683326931734406,0.06,6.498058632696742,6.683326931734406,6.4680586146004515,split,,2894
60,0.08683318368986714,True,False,33,6.558058633263595,6.683326931734406,0.03,6.528058633263595,6.683326931734406,6.528058633263595,merge,2727,
62,0.08574257718497498,True,False,32,6.558055186299605,6.683326931734406,0.0,6.558055186299605,6.683326931734406,6.558055186299605,merge,2873,
64,0.08466566846816301,True,False,31,6.558049847274351,6.683326931734406,0.0,6.558049847274351,6.683326931734406,6.558049847274351,merge,2813,
65,0.08413229693264405,True,False,32,6.558016286086488,6.683326931734406,0.0,6.558016286086488,6.683326931734406,6.558016286086488,split,,2800
66,0.08360228549809695,True,False,33,6.558021624629813,6.683326931734406,0.03,6.528021624629813,6.683326931734406,6.528021624629813,split,,2813
67,0.08307561299676565,True,False,33,6.558021623111433,6.683326931734406,0.03,6.5280216231114325,6.683326931734406,6.5280216231114325,paired,2837,2801
68,0.08255225839424545,True,False,34,6.558021587666676,6.683326931734406,0.06,6.498021587666677,6.683326931734406,6.498021587666677,split,,2850
69,0.08203220078864285,False,False,34,6.558021587666676,6.683326931734406,0.06,6.498021587666677,6.683326931734406,6.468021700206712,split,,2794
73,0.07998452688883141,True,False,35,6.557862209839072,6.683326931734406,0.09,6.467862209839073,6.683326931734406,6.467862209839073,split,,3132
74,0.07948064531916667,True,False,34,6.557860613324472,6.683326931734406,0.06,6.497860613324472,6.683326931734406,6.497860613324472,merge,2893,
75,0.07897993807141296,True,False,35,6.547380199322589,6.683326931734406,0.09,6.457380199322589,6.683326931734406,6.457380199322589,split,,2877
76,0.07848238514817368,True,False,36,6.547367570474872,6.683326931734406,0.12,6.427367570474872,6.683326931734406,6.427367570474872,split,,866
77,0.0779879666780306,True,False,37,6.543945350989205,6.683326931734406,0.15,6.393945350989204,6.683326931734406,6.393945350989204,split,,2882
78,0.07749666291475017,True,False,38,6.5439452891572465,6.683326931734406,0.18,6.363945289157247,6.683326931734406,6.363945289157247,split,,2879
79,0.07700845423649497,True,False,39,6.543293407011738,6.683326931734406,0.21,6.333293407011738,6.683326931734406,6.333293407011738,split,,867
80,0.07652332114504001,True,False,38,6.543291496264331,6.683326931734406,0.18,6.363291496264331,6.683326931734406,6.363291496264331,merge,2793,
81,0.07604124426499402,True,False,39,6.5518065766167055,6.683326931734406,0.21,6.3418065766167055,6.683326931734406,6.3418065766167055,split,,2866
82,0.07556220434302563,True,False,39,6.549202051862402,6.683326931734406,0.21,6.339202051862402,6.683326931734406,6.339202051862402,paired,2789,3133
83,0.07508618224709436,True,False,40,6.548948976915895,6.683326931734406,0.24,6.308948976915895,6.683326931734406,6.308948976915895,split,,2804
84,0.07461315896568664,True,False,41,6.548948965242417,6.683326931734406,0.27,6.278948965242417,6.683326931734406,6.278948965242417,split,,2680
86,0.07367603339847072,True,False,41,6.548828092064461,6.683326931734406,0.27,6.278828092064462,6.683326931734406,6.278828092064462,paired,2813,2
87,0.07321189368545983,True,False,40,6.549081159569418,6.683326931734406,0.24,6.309081159569418,6.683326931734406,6.309081159569418,merge,2804,
88,0.07275067793107234,True,False,39,6.5490811712367645,6.683326931734406,0.21,6.3390811712367645,6.683326931734406,6.3390811712367645,merge,2680,
89,0.0722923677151348,True,False,38,6.549081180950825,6.683326931734406,0.18,6.369081180950825,6.683326931734406,6.369081180950825,merge,2679,
91,0.07138439079739588,True,False,38,6.467018300296353,6.683326931734406,0.18,6.287018300296353,6.683326931734406,6.287018300296353,paired,2812,2837
92,0.07093468783253937,True,False,38,6.32749413716688,6.683326931734406,0.18,6.1474941371668805,6.683326931734406,6.1474941371668805,paired,2844,2893
93,0.07048781787857418,True,False,38,6.327493216786312,6.683326931734406,0.18,6.147493216786312,6.683326931734406,6.147493216786312,paired,2837,868
94,0.07004376308827376,True,False,39,6.327533073404609,6.683326931734406,0.21,6.117533073404609,6.683326931734406,6.117533073404609,split,,2883
95,0.06960250572684436,True,False,38,6.330561780091902,6.683326931734406,0.18,6.150561780091902,6.683326931734406,6.150561780091902,merge,3133,
98,0.06829534253949468,True,False,37,6.330676164964952,6.683326931734406,0.15,6.180676164964952,6.683326931734406,6.180676164964952,merge,2,
99,0.06786509976957218,False,False,37,6.330676164964952,6.683326931734406,0.15,6.180676164964952,6.683326931734406,6.150672093226685,split,,975
101,0.06701272840509245,True,False,36,6.330677074399301,6.683326931734406,0.12,6.2106770743993005,6.683326931734406,6.2106770743993005,merge,868,
102,0.06659056576827137,True,False,35,6.330637224929358,6.683326931734406,0.09,6.240637224929358,6.683326931734406,6.240637224929358,merge,2883,
103,0.06617106264548844,True,False,34,6.334176393643872,6.683326931734406,0.06,6.274176393643873,6.683326931734406,6.274176393643873,merge,2882,
104,0.0657542022825018,True,False,33,6.329081284913126,6.683326931734406,0.03,6.299081284913126,6.683326931734406,6.299081284913126,merge,2866,
106,0.06492834334602174,True,False,32,6.317255143141921,6.683326931734406,0.0,6.317255143141921,6.683326931734406,6.317255143141921,merge,2811,
107,0.06451931178912577,True,False,33,6.317251382139194,6.683326931734406,0.03,6.2872513821391935,6.683326931734406,6.2872513821391935,split,,975
108,0.06411285702390376,True,False,33,6.317031611491057,6.683326931734406,0.03,6.287031611491057,6.683326931734406,6.287031611491057,paired,2879,976
109,0.06370896281724306,True,False,32,6.31720917861842,6.683326931734406,0.0,6.31720917861842,6.683326931734406,6.31720917861842,merge,3132,
110,0.06330761303829541,True,False,31,6.32771660389637,6.683326931734406,0.0,6.32771660389637,6.683326931734406,6.32771660389637,merge,2877,
111,0.06290879165783266,True,False,32,6.464643436879051,6.683326931734406,0.0,6.464643436879051,6.683326931734406,6.464643436879051,split,,2844
114,0.061727339125958444,True,False,33,6.464643856612078,6.683326931734406,0.03,6.434643856612078,6.683326931734406,6.434643856612078,split,,2789
116,0.06095205674289052,True,False,34,6.464646680586551,6.683326931734406,0.06,6.404646680586551,6.683326931734406,6.404646680586551,split,,2793
117,0.06056807475011597,True,False,35,6.464646677898134,6.683326931734406,0.09,6.374646677898134,6.683326931734406,6.374646677898134,split,,2837
118,0.06018651174332245,True,False,36,6.464645518395056,6.683326931734406,0.12,6.344645518395056,6.683326931734406,6.344645518395056,split,,1321
119,0.05980735248353185,False,False,36,6.464645518395056,6.683326931734406,0.12,6.344645518395056,6.683326931734406,5.940596036559821,merge,2870,
120,0.05943058182776764,True,False,36,6.464648296566899,6.683326931734406,0.12,6.344648296566899,6.683326931734406,6.344648296566899,paired,2893,2873
121,0.0590561847284501,True,False,35,6.464643921069836,6.683326931734406,0.09,6.374643921069836,6.683326931734406,6.374643921069836,merge,2873,
122,0.058684146232795296,True,False,35,6.476485112839221,6.683326931734406,0.09,6.386485112839221,6.683326931734406,6.386485112839221,paired,976,2811
123,0.05831445148221791,True,False,34,6.476485115015265,6.683326931734406,0.06,6.4164851150152655,6.683326931734406,6.4164851150152655,merge,2801,
124,0.057947085711737845,False,False,34,6.476485115015265,6.683326931734406,0.06,6.4164851150152655,6.683326931734406,6.013825481840986,merge,2870,
126,0.057219282515640825,True,False,34,6.465965487243299,6.683326931734406,0.06,6.405965487243299,6.683326931734406,6.405965487243299,paired,2837,2877
128,0.056500620374451783,True,False,33,6.454364993460086,6.683326931734406,0.03,6.4243649934600855,6.683326931734406,6.4243649934600855,merge,2811,
129,0.05614468126486776,True,False,34,6.454364988980291,6.683326931734406,0.06,6.394364988980292,6.683326931734406,6.394364988980292,split,,1537
131,0.05543951588913701,True,False,33,6.464863351686198,6.683326931734406,0.03,6.4348633516861975,6.683326931734406,6.4348633516861975,merge,2877,
132,0.05509026145988348,True,False,34,6.464864960189981,6.683326931734406,0.06,6.404864960189982,6.683326931734406,6.404864960189982,split,,2893
133,0.05474320724205672,True,False,35,6.4648649583154665,6.683326931734406,0.09,6.374864958315467,6.683326931734406,6.374864958315467,split,,2801
134,0.054398339374901,False,False,35,6.4648649583154665,6.683326931734406,0.09,6.374864958315467,6.683326931734406,6.344864413233563,split,,1322
137,0.05337671657639305,True,False,36,6.476486663227043,6.683326931734406,0.12,6.3564866632270425,6.683326931734406,6.3564866632270425,split,,2811
138,0.053040457242516575,True,False,35,6.476486665403094,6.683326931734406,0.09,6.386486665403094,6.683326931734406,6.386486665403094,merge,2801,
139,0.052706316254369695,True,False,35,6.624419972208056,6.683326931734406,0.09,6.534419972208056,6.683326931734406,6.534419972208056,paired,2876,2823
140,0.05237428026692914,True,False,36,6.643976571676891,6.683326931734406,0.12,6.523976571676891,6.683326931734406,6.523976571676891,split,,2876
141,0.05204433601924183,True,False,37,6.6437582713637156,6.683326931734406,0.15,6.493758271363715,6.683326931734406,6.493758271363715,split,,976
142,0.05171647033389517,True,False,38,6.643758265993483,6.683326931734406,0.18,6.463758265993484,6.683326931734406,6.463758265993484,split,,1538
143,0.051390670116490844,True,False,37,6.643758297816831,6.683326931734406,0.15,6.4937582978168304,6.683326931734406,6.4937582978168304,merge,2850,
144,0.0510669223551218,False,False,37,6.643758297816831,6.683326931734406,0.15,6.4937582978168304,6.683326931734406,6.356269021028507,merge,2823,
145,0.050745214119852625,True,False,38,6.6437543796457454,6.683326931734406,0.18,6.463754379645746,6.683326931734406,6.463754379645746,split,,2853
146,0.050425532562203064,True,False,39,6.643754374666294,6.683326931734406,0.21,6.433754374666294,6.683326931734406,6.433754374666294,split,,1023
148,0.04979219849004226,True,False,38,6.643753316260035,6.683326931734406,0.18,6.463753316260036,6.683326931734406,6.463753316260036,merge,2793,
149,0.049478520681244406,True,False,39,6.643752441308351,6.683326931734406,0.21,6.433752441308351,6.683326931734406,6.433752441308351,split,,868
150,0.04916681896048277,True,False,40,6.648829501441263,6.683326931734406,0.24,6.408829501441263,6.683326931734406,6.408829501441263,split,,2827
151,0.04885708087892027,True,False,39,6.648829506417606,6.683326931734406,0.21,6.438829506417606,6.683326931734406,6.438829506417606,merge,1023,
154,0.04793952515446222,True,False,38,6.648830380613035,6.683326931734406,0.18,6.468830380613035,6.683326931734406,6.468830380613035,merge,868,
155,0.047637518702421985,True,False,38,6.629295070941957,6.683326931734406,0.18,6.449295070941957,6.683326931734406,6.449295070941957,paired,2876,1598
156,0.04733741481192737,True,False,39,6.629198826809073,6.683326931734406,0.21,6.419198826809073,6.683326931734406,6.419198826809073,split,,2
157,0.047039201497338944,True,False,40,6.629198825740694,6.683326931734406,0.24,6.389198825740694,6.683326931734406,6.389198825740694,split,,2837
158,0.0467428668485237,True,False,39,6.629202548930479,6.683326931734406,0.21,6.419202548930479,6.683326931734406,6.419202548930479,merge,2853,
159,0.04644839903037932,True,False,39,6.629203548317072,6.683326931734406,0.21,6.419203548317072,6.683326931734406,6.419203548317072,paired,2837,2793
162,0.0455760793245038,True,False,40,6.629203616773452,6.683326931734406,0.24,6.389203616773452,6.683326931734406,6.389203616773452,split,,2794
164,0.045003653363982606,True,False,39,6.629203541347415,6.683326931734406,0.21,6.419203541347415,6.683326931734406,6.419203541347415,merge,2848,
165,0.04472014213525197,True,False,39,6.639838969782488,6.683326931734406,0.21,6.429838969782488,6.683326931734406,6.429838969782488,paired,2800,2866
168,0.04388027979234064,True,False,38,6.640038283023607,6.683326931734406,0.18,6.460038283023607,6.683326931734406,6.460038283023607,merge,976,
169,0.0436038455228747,False,False,38,6.640038283023607,6.683326931734406,0.18,6.460038283023607,6.683326931734406,6.420275276984108,split,,2828
171,0.04305619040365891,True,False,38,6.640038280222065,6.683326931734406,0.18,6.460038280222065,6.683326931734406,6.460038280222065,paired,1598,3013
172,0.04278494768149425,True,False,37,6.640040945971666,6.683326931734406,0.15,6.490040945971666,6.683326931734406,6.490040945971666,merge,975,
174,0.04224757774675173,True,False,36,6.640040948763247,6.683326931734406,0.12,6.5200409487632465,6.683326931734406,6.5200409487632465,merge,3013,
175,0.04198142907253185,True,False,35,6.640040874938109,6.683326931734406,0.09,6.550040874938109,6.683326931734406,6.550040874938109,merge,2794,
176,0.04171695706524928,True,False,35,6.640137297418519,6.683326931734406,0.09,6.5501372974185195,6.683326931734406,6.5501372974185195,paired,2,2894
177,0.041454151162341454,True,False,35,6.619207189544635,6.683326931734406,0.09,6.5292071895446355,6.683326931734406,6.5292071895446355,paired,2866,2828
179,0.04093349575168755,True,False,35,6.6202983732186915,6.683326931734406,0.09,6.530298373218692,6.683326931734406,6.530298373218692,paired,1538,2831
181,0.04041937966337032,True,False,34,6.620298376865861,6.683326931734406,0.06,6.560298376865862,6.683326931734406,6.560298376865862,merge,1537,
182,0.04016474815822981,True,False,34,6.620175768377344,6.683326931734406,0.06,6.560175768377344,6.683326931734406,6.560175768377344,paired,1321,3132
183,0.03991172076487801,True,False,33,6.62029935931724,6.683326931734406,0.03,6.59029935931724,6.683326931734406,6.59029935931724,merge,3132,
184,0.039660287377830804,True,False,34,6.620175768377344,6.683326931734406,0.06,6.560175768377344,6.683326931734406,6.560175768377344,split,,3132
185,0.039410437955265956,True,False,34,6.620173691109269,6.683326931734406,0.06,6.560173691109269,6.683326931734406,6.560173691109269,paired,2793,868
187,0.038915451152200284,True,False,35,6.639667623373235,6.683326931734406,0.09,6.549667623373235,6.683326931734406,6.549667623373235,split,,2876
189,0.038426681279164335,True,False,34,6.639667641450433,6.683326931734406,0.06,6.579667641450434,6.683326931734406,6.579667641450434,merge,2894,
190,0.03818460325191209,True,False,34,6.63847441076588,6.683326931734406,0.06,6.578474410765881,6.683326931734406,6.578474410765881,paired,2831,2
192,0.03770501267462774,True,False,33,6.638576892008842,6.683326931734406,0.03,6.608576892008842,6.683326931734406,6.608576892008842,merge,2,
193,0.03746748097056295,True,False,32,6.619082635929537,6.683326931734406,0.0,6.619082635929537,6.683326931734406,6.619082635929537,merge,2876,
194,0.037231445654018896,True,False,33,6.619082093587544,6.683326931734406,0.03,6.589082093587543,6.683326931734406,6.589082093587543,split,,3366
198,0.03630208061461918,True,False,34,6.619082077616305,6.683326931734406,0.06,6.5590820776163055,6.683326931734406,6.5590820776163055,split,,2894
199,0.036073387015073184,False,False,34,6.619082077616305,6.683326931734406,0.06,6.5590820776163055,6.683326931734406,6.459114923800727,merge,2844,
201,0.035620312869218476,True,False,33,6.619082093587544,6.683326931734406,0.03,6.589082093587543,6.683326931734406,6.589082093587543,merge,2894,
204,0.034951348997612305,False,False,33,6.619082093587544,6.683326931734406,0.03,6.589082093587543,6.683326931734406,6.559082093313175,split,,916
207,0.034294948537876145,True,False,34,6.619079481622791,6.683326931734406,0.06,6.559079481622791,6.683326931734406,6.559079481622791,split,,975
208,0.03407889934470089,True,False,33,6.619082093587544,6.683326931734406,0.03,6.589082093587543,6.683326931734406,6.589082093587543,merge,975,
209,0.03386421120485452,True,False,32,6.619076810061088,6.683326931734406,0.0,6.619076810061088,6.683326931734406,6.619076810061088,merge,2893,
210,0.03365087554405757,True,False,31,6.623008718242225,6.683326931734406,0.0,6.623008718242225,6.683326931734406,6.623008718242225,merge,2847,
211,0.03343888384204626,True,False,32,6.623008717967284,6.683326931734406,0.0,6.623008717967284,6.683326931734406,6.623008717967284,split,,916
213,0.03301889850136452,True,False,31,6.623008718242225,6.683326931734406,0.0,6.623008718242225,6.683326931734406,6.623008718242225,merge,916,
214,0.03281088808919327,True,False,31,6.652031465777231,6.683326931734406,0.0,6.652031465777231,6.683326931734406,6.652031465777231,paired,3366,2812
216,0.03239879024294627,True,False,32,6.652036472835658,6.683326931734406,0.0,6.652036472835658,6.683326931734406,6.652036472835658,split,,2893
219,0.031790327868237406,False,False,32,6.652036472835658,6.683326931734406,0.0,6.652036472835658,6.683326931734406,6.622035930859995,split,,3366
220,0.031590057129264756,True,False,32,6.652030484411192,6.683326931734406,0.0,6.652030484411192,6.683326931734406,6.652030484411192,paired,2893,1321
221,0.03139104804349225,True,False,31,6.652139229276031,6.683326931734406,0.0,6.652139229276031,6.683326931734406,6.652139229276031,merge,3132,
222,0.031193292662835177,True,False,31,6.6541681188238115,6.683326931734406,0.0,6.6541681188238115,6.683326931734406,6.6541681188238115,paired,2828,2893
224,0.030801511474567368,True,False,30,6.654168962706105,6.683326931734406,0.0,6.654168962706105,6.683326931734406,6.654168962706105,merge,868,
226,0.030414650975536812,True,False,29,6.65416392933367,6.683326931734406,0.0,6.65416392933367,6.683326931734406,6.65416392933367,merge,2893,
229,0.029843451538158264,False,False,29,6.65416392933367,6.683326931734406,0.0,6.65416392933367,6.683326931734406,6.430532794754473,paired,2841,1322
230,0.029655445610134695,True,False,30,6.654163929136661,6.683326931734406,0.0,6.654163929136661,6.683326931734406,6.654163929136661,split,,2790
231,0.029468624070214722,True,False,29,6.654164908268665,6.683326931734406,0.0,6.654164908268665,6.683326931734406,6.654164908268665,merge,1321,
232,0.029282979457063506,True,False,28,6.65416490846567,6.683326931734406,0.0,6.65416490846567,6.683326931734406,6.65416490846567,merge,2790,
233,0.029098504356350672,True,False,29,6.654163869139737,6.683326931734406,0.0,6.654163869139737,6.683326931734406,6.654163869139737,split,,2813
234,0.028915191400454177,True,False,30,6.654164555392349,6.683326931734406,0.0,6.654164555392349,6.683326931734406,6.654164555392349,split,,2793
235,0.028733033268166067,True,False,29,6.654163869139737,6.683326931734406,0.0,6.654163869139737,6.683326931734406,6.654163869139737,merge,2793,
236,0.02855202268440009,True,False,30,6.654163868942813,6.683326931734406,0.0,6.654163868942813,6.683326931734406,6.654163868942813,split,,2790
238,0.028193415290956456,True,False,31,6.654163025085758,6.683326931734406,0.0,6.654163025085758,6.683326931734406,6.654163025085758,split,,868
239,0.02801580415910889,True,False,30,6.6512869464680655,6.683326931734406,0.0,6.6512869464680655,6.683326931734406,6.6512869464680655,merge,2827,
241,0.027663931557445037,True,False,31,6.5897582871100155,6.683326931734406,0.0,6.5897582871100155,6.683326931734406,6.5897582871100155,split,,1777
243,0.02731647840157322,True,False,32,6.589757297942448,6.683326931734406,0.0,6.589757297942448,6.683326931734406,6.589757297942448,split,,1321
244,0.027144391742439405,True,False,33,6.589650747681016,6.683326931734406,0.03,6.559650747681016,6.683326931734406,6.559650747681016,split,,2
247,0.026634609095131198,True,False,32,6.58965074807109,6.683326931734406,0.0,6.58965074807109,6.683326931734406,6.58965074807109,merge,2790,
248,0.02646681803403116,True,False,32,6.589652603167551,6.683326931734406,0.0,6.589652603167551,6.683326931734406,6.589652603167551,paired,2813,916
249,0.026300084012667823,True,False,31,6.589759153317658,6.683326931734406,0.0,6.589759153317658,6.683326931734406,6.589759153317658,merge,2,
250,0.026134400371967712,True,False,32,6.587698538460309,6.683326931734406,0.0,6.587698538460309,6.683326931734406,6.587698538460309,split,,1778
251,0.02596976049480776,True,False,33,6.587698537380959,6.683326931734406,0.03,6.557698537380959,6.683326931734406,6.557698537380959,split,,2837
252,0.025806157805751052,True,False,32,6.5657802562981615,6.683326931734406,0.0,6.5657802562981615,6.683326931734406,6.5657802562981615,merge,2812,
254,0.025482037897056397,True,False,33,6.565780254944606,6.683326931734406,0.03,6.535780254944606,6.683326931734406,6.535780254944606,split,,2790
255,0.025321507732620076,True,False,33,6.5657802247756365,6.683326931734406,0.03,6.535780224775636,6.683326931734406,6.535780224775636,paired,2837,1082
256,0.025161988866173268,True,False,32,6.565781216304334,6.683326931734406,0.0,6.565781216304334,6.683326931734406,6.565781216304334,merge,1321,
258,0.024845959583733458,True,False,32,6.565781213209945,6.683326931734406,0.0,6.565781213209945,6.683326931734406,6.565781213209945,paired,916,1083
259,0.02468943654606795,False,False,32,6.565781213209945,6.683326931734406,0.0,6.565781213209945,6.683326931734406,6.535667920995171,split,,3132
260,0.024533899562542857,True,False,31,6.56578121456349,6.683326931734406,0.0,6.56578121456349,6.683326931734406,6.56578121456349,merge,2790,
261,0.024379342421275357,True,False,32,6.585528070176927,6.683326931734406,0.0,6.585528070176927,6.683326931734406,6.585528070176927,split,,2876
263,0.024073143013401528,True,False,33,6.596336935782784,6.683326931734406,0.03,6.566336935782783,6.683326931734406,6.566336935782783,split,,2866
264,0.023921488517711188,True,False,32,6.576295387906555,6.683326931734406,0.0,6.576295387906555,6.683326931734406,6.576295387906555,merge,2876,
265,0.023770789405621984,True,False,33,6.576188511582103,6.683326931734406,0.03,6.546188511582103,6.683326931734406,6.546188511582103,split,,2
267,0.02347223329549725,True,False,33,6.597740439393391,6.683326931734406,0.03,6.567740439393391,6.683326931734406,6.567740439393391,paired,1083,2812
269,0.023177426987256323,False,False,33,6.597740439393391,6.683326931734406,0.03,6.567740439393391,6.683326931734406,6.537740430197988,split,,1202
270,0.023031415267922652,True,False,34,6.597737738239406,6.683326931734406,0.06,6.537737738239406,6.683326931734406,6.537737738239406,split,,975
271,0.022886323384177048,True,False,34,6.597737569992148,6.683326931734406,0.06,6.5377375699921485,6.683326931734406,6.5377375699921485,paired,2789,2679
272,0.022742145541296232,True,False,35,6.5977365700462975,6.683326931734406,0.09,6.507736570046298,6.683326931734406,6.507736570046298,split,,1321
273,0.02259887598106217,True,False,35,6.599788409209761,6.683326931734406,0.09,6.5097884092097615,6.683326931734406,6.5097884092097615,paired,1778,2837
274,0.02245650898153209,True,False,36,6.599687159846841,6.683326931734406,0.12,6.479687159846841,6.683326931734406,6.479687159846841,split,,3132
275,0.022315038856809938,True,False,35,6.58954734182343,6.683326931734406,0.09,6.49954734182343,6.683326931734406,6.49954734182343,merge,2866,
276,0.022174459956819353,True,False,34,6.58955000288357,6.683326931734406,0.06,6.52955000288357,6.683326931734406,6.52955000288357,merge,975,
277,0.02203476666707796,True,False,33,6.589652409743977,6.683326931734406,0.03,6.559652409743976,6.683326931734406,6.559652409743976,merge,3132,
278,0.021895953408473133,True,False,33,6.5896524016101985,6.683326931734406,0.03,6.559652401610198,6.683326931734406,6.559652401610198,paired,2837,1202
279,0.02175801463703923,True,False,33,6.589652560202925,6.683326931734406,0.03,6.559652560202925,6.683326931734406,6.559652560202925,paired,1202,2789
281,0.021484738554229162,True,False,33,6.589756452841552,6.683326931734406,0.03,6.559756452841552,6.683326931734406,6.559756452841552,paired,2,975
284,0.02108124648114006,True,False,32,6.589757345606394,6.683326931734406,0.0,6.589757345606394,6.683326931734406,6.589757345606394,merge,868,
286,0.02081647046387824,True,False,31,6.589757357464496,6.683326931734406,0.0,6.589757357464496,6.683326931734406,6.589757357464496,merge,2679,
287,0.020685332152254585,True,False,30,6.589757388847023,6.683326931734406,0.0,6.589757388847023,6.683326931734406,6.589757388847023,merge,1082,
288,0.020555019977646093,True,False,31,6.588844123942508,6.683326931734406,0.0,6.588844123942508,6.683326931734406,6.588844123942508,split,,2209
289,0.02042552873560597,False,False,31,6.588844123942508,6.683326931734406,0.0,6.588844123942508,6.683326931734406,6.159141135365655,paired,2870,1322
290,0.020296853254474046,True,False,30,6.58884397438662,6.683326931734406,0.0,6.58884397438662,6.683326931734406,6.58884397438662,merge,2789,
291,0.020168988395170274,True,False,29,6.589757239465545,6.683326931734406,0.0,6.589757239465545,6.683326931734406,6.589757239465545,merge,2209,
292,0.02004192905098945,True,False,29,6.590027495359696,6.683326931734406,0.0,6.590027495359696,6.683326931734406,6.590027495359696,paired,2788,2813
294,0.01979020664182772,True,False,30,6.590027491757965,6.683326931734406,0.0,6.590027491757965,6.683326931734406,6.590027491757965,split,,1537
296,0.01954164581312628,True,False,31,6.590027479902933,6.683326931734406,0.0,6.590027479902933,6.683326931734406,6.590027479902933,split,,2679
297,0.019418538562897294,True,False,31,6.609810090094857,6.683326931734406,0.0,6.609810090094857,6.683326931734406,6.609810090094857,paired,2679,2876
299,0.01917464580701454,True,False,30,6.609810094377703,6.683326931734406,0.0,6.609810094377703,6.683326931734406,6.609810094377703,merge,1537,
300,0.01905385056069855,True,False,29,6.609813656845262,6.683326931734406,0.0,6.609813656845262,6.683326931734406,6.609813656845262,merge,975,
302,0.018814538209340346,True,False,29,6.61013492116864,6.683326931734406,0.0,6.61013492116864,6.683326931734406,6.61013492116864,paired,867,2788
303,0.018696011546569476,True,False,30,6.6101364490513355,6.683326931734406,0.0,6.6101364490513355,6.683326931734406,6.6101364490513355,split,,2893
304,0.018578231570729287,False,False,30,6.6101364490513355,6.683326931734406,0.0,6.6101364490513355,6.683326931734406,6.498521996654066,merge,2823,
305,0.018461193577887683,True,False,30,6.610408068700238,6.683326931734406,0.0,6.610408068700238,6.683326931734406,6.610408068700238,paired,2788,1322
307,0.01822932487345289,True,False,31,6.600071030640006,6.683326931734406,0.0,6.600071030640006,6.683326931734406,6.600071030640006,split,,2877
309,0.018000368391127113,False,False,31,6.600071030640006,6.683326931734406,0.0,6.600071030640006,6.683326931734406,6.552074165886193,split,,2824
310,0.01788697078496172,True,False,30,6.661844269417273,6.683326931734406,0.0,6.661844269417273,6.683326931734406,6.661844269417273,merge,1777,
311,0.017774287554013803,True,False,29,6.661844811158808,6.683326931734406,0.0,6.661844811158808,6.683326931734406,6.661844811158808,merge,1322,
312,0.017662314197906603,True,False,28,6.661845637539447,6.683326931734406,0.0,6.661845637539447,6.683326931734406,6.661845637539447,merge,2813,
314,0.017440479250284684,True,False,28,6.6388697280710005,6.683326931734406,0.0,6.6388697280710005,6.683326931734406,6.6388697280710005,paired,2812,2879
318,0.017005132961660483,True,False,29,6.6618455770978855,6.683326931734406,0.0,6.6618455770978855,6.683326931734406,6.6618455770978855,split,,2812
319,0.016898005078026333,True,False,29,6.6573779159017725,6.683326931734406,0.0,6.6573779159017725,6.683326931734406,6.6573779159017725,paired,1321,2847
320,0.016791552071999893,True,False,30,6.657377897418186,6.683326931734406,0.0,6.657377897418186,6.683326931734406,6.657377897418186,split,,2894
321,0.016685769692029,True,False,31,6.657376709610677,6.683326931734406,0.0,6.657376709610677,6.683326931734406,6.657376709610677,split,,1321
322,0.01658065371334515,True,False,31,6.657389240411952,6.683326931734406,0.0,6.657389240411952,6.683326931734406,6.657389240411952,paired,866,2848
323,0.016476199937794787,True,False,30,6.657389258894874,6.683326931734406,0.0,6.657389258894874,6.683326931734406,6.657389258894874,merge,2894,
324,0.016372404193671614,True,False,29,6.657389206403426,6.683326931734406,0.0,6.657389206403426,6.683326931734406,6.657389206403426,merge,2848,
326,0.01616677024411938,True,False,29,6.6573779159017725,6.683326931734406,0.0,6.6573779159017725,6.683326931734406,6.6573779159017725,paired,1321,866
327,0.01606492382601981,True,False,29,6.657372543763959,6.683326931734406,0.0,6.657372543763959,6.683326931734406,6.657372543763959,paired,2893,2853
328,0.015963719013678417,True,False,30,6.657265497330258,6.683326931734406,0.0,6.657265497330258,6.683326931734406,6.657265497330258,split,,2
329,0.015863151765146973,True,False,31,6.657265497238178,6.683326931734406,0.0,6.657265497238178,6.683326931734406,6.657265497238178,split,,2854
334,0.015369739284921335,False,False,31,6.657265497238178,6.683326931734406,0.0,6.657265497238178,6.683326931734406,6.434193131298397,merge,2841,
335,0.015272913953104497,True,False,32,6.657265459349617,6.683326931734406,0.0,6.657265459349617,6.683326931734406,6.657265459349617,split,,1082
338,0.014986082456528679,True,False,31,6.657265520095297,6.683326931734406,0.0,6.657265520095297,6.683326931734406,6.657265520095297,merge,2879,
339,0.014891674062242418,True,False,32,6.657265518825696,6.683326931734406,0.0,6.657265518825696,6.683326931734406,6.657265518825696,split,,2837
342,0.014612002404894808,True,False,31,6.634285094516116,6.683326931734406,0.0,6.634285094516116,6.683326931734406,6.634285094516116,merge,2812,
344,0.014428478731166625,True,False,30,6.634285095986893,6.683326931734406,0.0,6.634285095986893,6.683326931734406,6.634285095986893,merge,2837,
345,0.01433758309430127,True,False,29,6.634285133890785,6.683326931734406,0.0,6.634285133890785,6.683326931734406,6.634285133890785,merge,1082,
346,0.014247260076140566,True,False,30,6.634285122168482,6.683326931734406,0.0,6.634285122168482,6.683326931734406,6.634285122168482,split,,2679
347,0.014157506069336656,True,False,31,6.634283932408081,6.683326931734406,0.0,6.634283932408081,6.683326931734406,6.634283932408081,split,,1321
349,0.013979690773891367,True,False,30,6.634391221261662,6.683326931734406,0.0,6.634391221261662,6.683326931734406,6.634391221261662,merge,2,
350,0.013891622383609246,True,False,29,6.6343912329829955,6.683326931734406,0.0,6.6343912329829955,6.683326931734406,6.6343912329829955,merge,2679,
351,0.013804108801118826,True,False,30,6.634391285117452,6.683326931734406,0.0,6.634391285117452,6.683326931734406,6.634391285117452,split,,2848
353,0.01363073210095649,True,False,31,6.634250936468721,6.683326931734406,0.0,6.634250936468721,6.683326931734406,6.634250936468721,split,,3132
354,0.013544862058913787,True,False,30,6.634391285117452,6.683326931734406,0.0,6.634391285117452,6.683326931734406,6.634391285117452,merge,3132,
355,0.013459532975644672,True,False,29,6.644841074604834,6.683326931734406,0.0,6.644841074604834,6.683326931734406,6.644841074604834,merge,2877,
356,0.01337474144325056,True,False,29,6.625104668512883,6.683326931734406,0.0,6.625104668512883,6.683326931734406,6.625104668512883,paired,2876,2
357,0.013290484075301727,True,False,30,6.625104667085125,6.683326931734406,0.0,6.625104667085125,6.683326931734406,6.625104667085125,split,,2837
358,0.01320675750670209,True,False,31,6.625104645679663,6.683326931734406,0.0,6.625104645679663,6.683326931734406,6.625104645679663,split,,2850
359,0.01312355839355477,False,False,31,6.625104645679663,6.683326931734406,0.0,6.625104645679663,6.683326931734406,6.4577785657721485,paired,2823,3132
360,0.013040883413028573,True,False,32,6.624860061342915,6.683326931734406,0.0,6.624860061342915,6.683326931734406,6.624860061342915,split,,2788
363,0.01279597035206882,True,False,32,6.624867734585564,6.683326931734406,0.0,6.624867734585564,6.683326931734406,6.624867734585564,paired,866,1537
364,0.012715359090401357,True,False,31,6.624867738230648,6.683326931734406,0.0,6.624867738230648,6.683326931734406,6.624867738230648,merge,1537,
365,0.012635255658568507,True,False,32,6.647775570159972,6.683326931734406,0.0,6.647775570159972,6.683326931734406,6.647775570159972,split,,2812
369,0.012319856547234687,False,False,32,6.647775570159972,6.683326931734406,0.0,6.647775570159972,6.683326931734406,6.517841567512875,merge,2844,
374,0.01193665584002398,False,False,32,6.647775570159972,6.683326931734406,0.0,6.647775570159972,6.683326931734406,6.606727164136541,split,,2816
376,0.011786733955870972,True,False,31,6.6477755909542005,6.683326931734406,0.0,6.6477755909542005,6.683326931734406,6.6477755909542005,merge,2850,
378,0.011638695059017688,True,False,32,6.647767951862662,6.683326931734406,0.0,6.647767951862662,6.683326931734406,6.647767951862662,split,,866
379,0.011565374328580185,True,False,31,6.6478644544729875,6.683326931734406,0.0,6.6478644544729875,6.683326931734406,6.6478644544729875,merge,2,
380,0.011492515499540102,True,False,31,6.6477755909542005,6.683326931734406,0.0,6.6477755909542005,6.683326931734406,6.6477755909542005,paired,866,2
382,0.011348171924552248,True,False,32,6.647767951862662,6.683326931734406,0.0,6.647767951862662,6.683326931734406,6.647767951862662,split,,866
384,0.011205641274475486,True,False,31,6.6478644544729875,6.683326931734406,0.0,6.6478644544729875,6.683326931734406,6.6478644544729875,merge,2,
385,0.011135048669454138,True,False,31,6.624956503965741,6.683326931734406,0.0,6.624956503965741,6.683326931734406,6.624956503965741,paired,2812,2857
386,0.011064900779354642,True,False,30,6.624956504050417,6.683326931734406,0.0,6.624956504050417,6.683326931734406,6.624956504050417,merge,2854,
387,0.010995194802589477,True,False,29,6.624956505479982,6.683326931734406,0.0,6.624956505479982,6.683326931734406,6.624956505479982,merge,2837,
388,0.010925927955220375,True,False,30,6.624956493206248,6.683326931734406,0.0,6.624956493206248,6.683326931734406,6.624956493206248,split,,2679
389,0.010857097470847165,True,False,29,6.624956505479982,6.683326931734406,0.0,6.624956505479982,6.683326931734406,6.624956505479982,merge,2679,
392,0.010653196792457003,True,False,30,6.6248419390443445,6.683326931734406,0.0,6.6248419390443445,6.683326931734406,6.6248419390443445,split,,3132
393,0.010586084442974816,True,False,29,6.624849616432854,6.683326931734406,0.0,6.624849616432854,6.683326931734406,6.624849616432854,merge,866,
394,0.010519394883716142,True,False,28,6.624849906837806,6.683326931734406,0.0,6.624849906837806,6.683326931734406,6.624849906837806,merge,2857,
395,0.010453125451213314,True,False,29,6.624849885412363,6.683326931734406,0.0,6.624849885412363,6.683326931734406,6.624849885412363,split,,2850
396,0.010387273498777803,True,False,28,6.62509449456855,6.683326931734406,0.0,6.62509449456855,6.683326931734406,6.62509449456855,merge,2788,
397,0.010321836396394543,True,False,29,6.6447190550008735,6.683326931734406,0.0,6.6447190550008735,6.683326931734406,6.6447190550008735,split,,2876
399,0.010192196304462105,True,False,28,6.644719086688191,6.683326931734406,0.0,6.644719086688191,6.683326931734406,6.644719086688191,merge,2850,
400,0.010127988137307956,True,False,29,6.64472069595335,6.683326931734406,0.0,6.64472069595335,6.683326931734406,6.64472069595335,split,,2893
401,0.010064184464789327,True,False,29,6.644723990705934,6.683326931734406,0.0,6.644723990705934,6.683326931734406,6.644723990705934,paired,2853,3366
402,0.010000782738695955,True,False,28,6.644725144130611,6.683326931734406,0.0,6.644725144130611,6.683326931734406,6.644725144130611,merge,1321,
403,0.009937780426870641,True,False,29,6.644725144650796,6.683326931734406,0.0,6.644725144650796,6.683326931734406,6.644725144650796,split,,3486
404,0.009875175013108115,False,False,29,6.644725144650796,6.683326931734406,0.0,6.644725144650796,6.683326931734406,6.477275489086782,merge,2823,
405,0.009812963997054537,True,False,29,6.64461818503878,6.683326931734406,0.0,6.64461818503878,6.683326931734406,6.64461818503878,paired,2893,2
407,0.009689715235317507,True,False,28,6.644853589508635,6.683326931734406,0.0,6.644853589508635,6.683326931734406,6.644853589508635,merge,865,
408,0.009628672567287949,True,False,29,6.644853588044526,6.683326931734406,0.0,6.644853588044526,6.683326931734406,6.644853588044526,split,,2837
409,0.00956801445207854,True,False,30,6.644853462496879,6.683326931734406,0.0,6.644853462496879,6.683326931734406,6.644853462496879,split,,3487
410,0.00950773846710723,True,False,31,6.644853483076716,6.683326931734406,0.0,6.644853483076716,6.683326931734406,6.644853483076716,split,,434
411,0.009447842205053614,True,False,30,6.644853430959152,6.683326931734406,0.0,6.644853430959152,6.683326931734406,6.644853430959152,merge,2848,
412,0.009388323273762768,True,False,29,6.644853556506806,6.683326931734406,0.0,6.644853556506806,6.683326931734406,6.644853556506806,merge,3487,
414,0.009270407910104497,True,False,30,6.644853544689138,6.683326931734406,0.0,6.644853544689138,6.683326931734406,6.644853544689138,split,,2679
416,0.009153973538587334,True,False,30,6.644853543597467,6.683326931734406,0.0,6.644853543597467,6.683326931734406,6.644853543597467,paired,3486,2727
419,0.00898205821596125,True,False,31,6.644853528527321,6.683326931734406,0.0,6.644853528527321,6.683326931734406,6.644853528527321,split,,650
422,0.008813371532573533,True,False,31,6.6499187514546385,6.683326931734406,0.0,6.6499187514546385,6.683326931734406,6.6499187514546385,paired,650,2827
424,0.008702677441731645,True,False,32,6.65104253301206,6.683326931734406,0.0,6.65104253301206,6.683326931734406,6.65104253301206,split,,2831
425,0.008647852853274424,True,False,33,6.651042533531907,6.683326931734406,0.03,6.621042533531907,6.683326931734406,6.621042533531907,split,,3486
428,0.008485442681666806,True,False,32,6.65104253301206,6.683326931734406,0.0,6.65104253301206,6.683326931734406,6.65104253301206,merge,3486,
429,0.008431986615299356,True,False,31,6.651042512010765,6.683326931734406,0.0,6.651042512010765,6.683326931734406,6.651042512010765,merge,434,
430,0.00837886730814868,True,False,32,6.651042518528005,6.683326931734406,0.0,6.651042518528005,6.683326931734406,6.651042518528005,split,,3367
433,0.008221508793788825,True,False,31,6.6511468453397065,6.683326931734406,0.0,6.6511468453397065,6.683326931734406,6.6511468453397065,merge,2,
434,0.008169715441784823,False,False,31,6.6511468453397065,6.683326931734406,0.0,6.6511468453397065,6.683326931734406,6.521652946438767,merge,2844,
436,0.008067105535924969,True,False,32,6.651148465698839,6.683326931734406,0.0,6.651148465698839,6.683326931734406,6.651148465698839,split,,2893
438,0.007965784388878763,True,False,31,6.651148459181403,6.683326931734406,0.0,6.651148459181403,6.683326931734406,6.651148459181403,merge,3367,
439,0.007915602033645757,True,False,32,6.6509115780602315,6.683326931734406,0.0,6.6509115780602315,6.683326931734406,6.6509115780602315,split,,2788
440,0.00786573581410684,True,False,31,6.650912200783246,6.683326931734406,0.0,6.650912200783246,6.683326931734406,6.650912200783246,merge,3366,
443,0.007718014116586791,True,False,30,6.650912201878334,6.683326931734406,0.0,6.650912201878334,6.683326931734406,6.650912201878334,merge,2837,
444,0.007669392649172655,False,False,30,6.650912201878334,6.683326931734406,0.0,6.650912201878334,6.683326931734406,6.591169266159497,paired,2727,1777
445,0.007621077484268179,True,False,29,6.650910581534099,6.683326931734406,0.0,6.650910581534099,6.683326931734406,6.650910581534099,merge,2893,
448,0.007477950569060979,True,False,30,6.650676021097006,6.683326931734406,0.0,6.650676021097006,6.683326931734406,6.650676021097006,split,,865
449,0.007430841439118248,True,False,31,6.650674869474663,6.683326931734406,0.0,6.650674869474663,6.683326931734406,6.650674869474663,split,,1321
450,0.00738402908435522,True,False,32,6.6506742464431525,6.683326931734406,0.0,6.6506742464431525,6.683326931734406,6.6506742464431525,split,,3366
451,0.007337511635166,True,False,31,6.650675398067342,6.683326931734406,0.0,6.650675398067342,6.683326931734406,6.650675398067342,merge,1321,
452,0.0072912872337227135,True,False,30,6.650676021097006,6.683326931734406,0.0,6.650676021097006,6.683326931734406,6.650676021097006,merge,3366,
454,0.007199710201207861,True,False,31,6.66154652345233,6.683326931734406,0.0,6.66154652345233,6.683326931734406,6.66154652345233,split,,2866
455,0.007154353912705235,True,False,32,6.651700568922124,6.683326931734406,0.0,6.651700568922124,6.683326931734406,6.651700568922124,split,,2828
457,0.007064496733871796,True,False,31,6.66154652345233,6.683326931734406,0.0,6.66154652345233,6.683326931734406,6.66154652345233,merge,2828,
459,0.00697576814228557,False,False,31,6.66154652345233,6.683326931734406,0.0,6.66154652345233,6.683326931734406,6.2152025895708505,paired,2870,2882
461,0.0068881539631283455,True,False,32,6.661544286799646,6.683326931734406,0.0,6.661544286799646,6.683326931734406,6.661544286799646,split,,2873
464,0.0067587916478586306,False,False,32,6.661544286799646,6.683326931734406,0.0,6.661544286799646,6.683326931734406,6.651171548820393,paired,2727,2877
467,0.006631858809151363,True,False,31,6.661544287348157,6.683326931734406,0.0,6.661544287348157,6.683326931734406,6.661544287348157,merge,2727,
468,0.006590079835685724,True,False,32,6.661544319090041,6.683326931734406,0.0,6.661544319090041,6.683326931734406,6.661544319090041,split,,2848
469,0.006548564058810074,True,False,31,6.661779496797788,6.683326931734406,0.0,6.661779496797788,6.683326931734406,6.661779496797788,merge,865,
470,0.006507309820454826,True,False,32,6.6617794962497285,6.683326931734406,0.0,6.6617794962497285,6.683326931734406,6.6617794962497285,split,,2727
472,0.006425579379188456,True,False,31,6.66177946446393,6.683326931734406,0.0,6.66177946446393,6.683326931734406,6.66177946446393,merge,2848,
473,0.006385099912102391,True,False,32,6.66177884131281,6.683326931734406,0.0,6.66177884131281,6.683326931734406,6.66177884131281,split,,3366
474,0.0063448754550564914,True,False,31,6.66177946446393,6.683326931734406,0.0,6.66177946446393,6.683326931734406,6.66177946446393,merge,3366,
475,0.0063049044015542986,True,False,32,6.6617794540458135,6.683326931734406,0.0,6.6617794540458135,6.683326931734406,6.6617794540458135,split,,2680
478,0.006186495748770808,True,False,32,6.661913308481527,6.683326931734406,0.0,6.661913308481527,6.683326931734406,6.661913308481527,paired,3132,2789
479,0.00614752244593503,False,False,32,6.661913308481527,6.683326931734406,0.0,6.661913308481527,6.683326931734406,6.598059666330464,paired,2876,2824
484,0.005956307967110211,False,False,32,6.661913308481527,6.683326931734406,0.0,6.661913308481527,6.683326931734406,6.631913270091375,split,,2704
489,0.005771041083797864,False,False,32,6.661913308481527,6.683326931734406,0.0,6.661913308481527,6.683326931734406,6.651049155904712,merge,2866,
490,0.005734685036534553,True,False,31,6.666079760521647,6.683326931734406,0.0,6.666079760521647,6.683326931734406,6.666079760521647,merge,2847,
492,0.005662658599882293,True,True,30,6.68696860670121,6.68696860670121,0.0,6.68696860670121,6.68696860670121,6.68696860670121,merge,1,
493,0.005626985333879857,True,True,29,6.686968607227179,6.686968607227179,0.0,6.686968607227179,6.686968607227179,6.686968607227179,merge,2727,
494,0.005591536800109612,True,True,30,6.707302488278238,6.707302488278238,0.0,6.707302488278238,6.707302488278238,6.707302488278238,split,,2812
496,0.005521308275167767,True,True,29,6.707304827917092,6.707304827917092,0.0,6.707304827917092,6.707304827917092,6.707304827917092,merge,2873,
499,0.0054176158743275945,False,False,29,6.707304827917092,6.707304827917092,0.0,6.707304827917092,6.707304827917092,6.696583015639998,split,,2816
502,0.005315870858682404,True,False,30,6.705607996953553,6.707304827917092,0.0,6.705607996953553,6.707304827917092,6.705607996953553,split,,2828
503,0.005282382264618068,True,False,31,6.705607995518687,6.707304827917092,0.0,6.705607995518687,6.707304827917092,6.705607995518687,split,,2790
504,0.005249104639924927,False,False,31,6.705607995518687,6.707304827917092,0.0,6.705607995518687,6.707304827917092,6.703235835288012,split,,2882
505,0.0052160366555511995,True,False,30,6.705608005137606,6.707304827917092,0.0,6.705608005137606,6.707304827917092,6.705608005137606,merge,2680,
506,0.005183176990817783,True,True,29,6.707304837207339,6.707304837207339,0.0,6.707304837207339,6.707304837207339,6.707304837207339,merge,2828,
509,0.005085834832153203,False,False,29,6.707304837207339,6.707304837207339,0.0,6.707304837207339,6.707304837207339,6.706328173147067,merge,2831,
510,0.005053795404804425,True,False,30,6.707267749874045,6.707304837207339,0.0,6.707267749874045,6.707304837207339,6.707267749874045,split,,2800
511,0.005021957817456104,True,False,31,6.707265410156825,6.707304837207339,0.0,6.707265410156825,6.707304837207339,6.707265410156825,split,,2873
512,0.004990320798569102,True,False,32,6.707265409628576,6.707304837207339,0.0,6.707265409628576,6.707304837207339,6.707265409628576,split,,2727
514,0.004927643420023863,False,False,32,6.707265409628576,6.707304837207339,0.0,6.707265409628576,6.707304837207339,6.677265406262429,split,,2801
519,0.004774372443515683,False,False,32,6.707265409628576,6.707304837207339,0.0,6.707265409628576,6.707304837207339,6.684648742348827,paired,2812,2882
524,0.004625868855845811,True,False,32,6.707266104429259,6.707304837207339,0.0,6.707266104429259,6.707304837207339,6.707266104429259,paired,2790,2793
526,0.00456776891696781,True,False,31,6.706289360769187,6.707304837207339,0.0,6.706289360769187,6.707304837207339,6.706289360769187,merge,2831,
529,0.004481984370646836,True,False,30,6.706326501523357,6.707304837207339,0.0,6.706326501523357,6.707304837207339,6.706326501523357,merge,2800,
532,0.0043978108927755265,True,False,31,6.706326491625472,6.707304837207339,0.0,6.706326491625472,6.707304837207339,6.706326491625472,split,,2680
534,0.0043425753138973296,True,False,30,6.706325794074331,6.707304837207339,0.0,6.706325794074331,6.707304837207339,6.706325794074331,merge,2793,
536,0.004288033482260293,True,False,31,6.706326491625472,6.707304837207339,0.0,6.706326491625472,6.707304837207339,6.706326491625472,split,,2793
539,0.004207502480457988,True,False,32,6.706325411328976,6.707304837207339,0.0,6.706325411328976,6.707304837207339,6.706325411328976,split,,2813
542,0.0,True,False,31,6.706326491625472,6.707304837207339,0.0,6.706326491625472,6.707304837207339,6.706326491625472,merge,2813,
544,0.0,False,False,31,6.706326491625472,6.707304837207339,0.0,6.706326491625472,6.707304837207339,6.695867628508299,merge,2866,
547,0.0,True,False,30,6.706326501523357,6.707304837207339,0.0,6.706326501523357,6.707304837207339,6.706326501523357,merge,2680,
549,0.0,False,False,30,6.706326501523357,6.707304837207339,0.0,6.706326501523357,6.707304837207339,6.7036497491852565,paired,2827,2797
554,0.0,False,False,30,6.706326501523357,6.707304837207339,0.0,6.706326501523357,6.707304837207339,6.480353519215178,merge,2841,
557,0.0,True,False,31,6.7073031918522545,6.707304837207339,0.0,6.7073031918522545,6.707304837207339,6.7073031918522545,split,,2831
559,0.0,False,False,31,6.7073031918522545,6.707304837207339,0.0,6.7073031918522545,6.707304837207339,6.686971720657166,paired,2812,2893
561,0.0,True,False,30,6.7073031923805075,6.707304837207339,0.0,6.7073031923805075,6.707304837207339,6.7073031923805075,merge,2727,
564,0.0,False,False,30,6.7073031923805075,6.707304837207339,0.0,6.7073031923805075,6.707304837207339,6.477564522868768,paired,2841,2847
567,0.0,True,True,31,6.707305279446107,6.707305279446107,0.0,6.707305279446107,6.707305279446107,6.707305279446107,split,,2893
568,0.0,True,True,32,6.707305341294543,6.707305341294543,0.0,6.707305341294543,6.707305341294543,6.707305341294543,split,,2794
569,0.0,False,False,32,6.707305341294543,6.707305341294543,0.0,6.707305341294543,6.707305341294543,6.481690930095379,merge,2841,
574,0.0,False,False,32,6.707305341294543,6.707305341294543,0.0,6.707305341294543,6.707305341294543,6.706328651650843,merge,2831,
579,0.0,False,False,32,6.707305341294543,6.707305341294543,0.0,6.707305341294543,6.707305341294543,6.674983606998816,split,,2882
584,0.0,False,False,32,6.707305341294543,6.707305341294543,0.0,6.707305341294543,6.707305341294543,6.666583360005039,split,,2816
589,0.0,True,True,31,6.707307680739341,6.707307680739341,0.0,6.707307680739341,6.707307680739341,6.707307680739341,merge,2873,
594,0.0,False,False,31,6.707307680739341,6.707307680739341,0.0,6.707307680739341,6.707307680739341,6.481694853806285,merge,2841,
599,0.0,False,False,31,6.707307680739341,6.707307680739341,0.0,6.707307680739341,6.707307680739341,6.707307663533641,split,,2894
