site,inlet,month,basis_family,class_mode,allocation,split_step,split_mode,geometry,target_regions,smooth_perturbation_mean_nrmse,smooth_perturbation_max_nrmse,boundary_perturbation_mean_nrmse,all_perturbation_mean_nrmse,prior_flux_obs_nrmse,prior_flux_obs_rmse,prior_flux_obs_bias,prior_flux_obs_corr,flux_field_nrmse,perturbation_lat_gradient_nrmse,perturbation_lon_gradient_nrmse,perturbation_western_europe_blob_nrmse,perturbation_nordic_blob_nrmse,perturbation_land_ocean_contrast_nrmse,perturbation_selected_country_patch_nrmse,n_splits,actual_regions,actual_regions_min,actual_regions_max,candidate
MHD,10m,January,quadtreebasisfunction,legacy,legacy,quadtreebasisfunction,legacy,row_column,250,0.034981326794981345,0.07287379133789836,0.06925930056205368,0.04640731805067212,0.1120282726176356,9.217854205431969e-10,6.290784266340725e-10,0.9879181831798453,0.9320599090059907,0.02075666104355648,0.007520036106278315,0.03877481869219224,0.07287379133789836,0.03185203308674485,0.10666656803736248,2,248.5,247,250,quadtreebasisfunction
MHD,10m,January,region_constrained,no_mask,single_class,axis_parallel,count,row_column,250,0.03583755405623924,0.07054331723635096,0.07298542917172729,0.04822017909473526,0.10518287114140068,7.885350868058741e-10,4.40305225808566e-10,0.9820361892921309,0.9290128955768496,0.027640697293507408,0.007518888866744481,0.03764731282835411,0.07054331723635096,0.02991864733861393,0.11605221100484064,2,250.0,250,250,no_mask/single_class/axis_parallel/count/row_column
MHD,10m,January,bucketbasisfunction,legacy,legacy,bucketbasisfunction,legacy,row_column,250,0.03805347212514243,0.07801597612385325,0.06480711752639345,0.04697135392555944,0.10569554973546777,8.402778372766526e-10,5.619414884112745e-10,0.9880277873173156,0.9302196195620469,0.02881616047500707,0.006743311840950287,0.038638440060759116,0.07801597612385325,0.030371492832092804,0.0992427422206941,2,249.5,249,250,bucketbasisfunction
MHD,10m,January,region_constrained,selected_countries,area,inertial,count,row_column,250,0.04523335836421555,0.07370272056440978,2.5011434349434324e-16,0.030155572242810444,0.11175679034198979,9.339980685182234e-10,5.138282255332018e-10,0.9820726943978241,0.9252340282858196,0.059876864314745176,0.012768282290601118,0.04224449335506568,0.0660437934964502,2.9480627737952155e-16,2.0542240960916488e-16,2,250.0,250,250,selected_countries/area/inertial/count/row_column
MHD,10m,January,region_constrained,selected_countries,area,inertial,count,lat_lon_metres,250,0.04659499090747325,0.06893585233229074,4.027480542906738e-16,0.031063327271648972,0.10693185677157746,8.724307023965463e-10,4.70928833601689e-10,0.9839359635417755,0.9202971648226412,0.06893585233229074,0.01385868185221219,0.04676745946202718,0.05681796998336289,5.754224976490941e-16,2.3007361093225363e-16,2,250.0,250,250,selected_countries/area/inertial/count/lat_lon_metres
MHD,10m,January,region_constrained,selected_countries,weight,inertial,count,row_column,250,0.052339069400661575,0.07518576411497482,3.970852146153915e-16,0.034892712933774515,0.16820481353883174,9.702021432743105e-10,6.650569411699128e-10,0.9671650343398499,0.914944144361565,0.07518576411497482,0.012091568145298371,0.05745592722884187,0.06462301811353126,4.865632507823574e-16,3.076071784484255e-16,2,250.0,250,250,selected_countries/weight/inertial/count/row_column
MHD,10m,January,region_constrained,no_mask,single_class,inertial,count,row_column,250,0.05259512713619899,0.13371529249870798,0.06823366990892935,0.05780797472710911,0.14272611813392758,1.0962961545158576e-09,6.69702250387681e-10,0.9704194463698904,0.9392135117790654,0.04550698151670235,0.008507989237222442,0.02265024529216319,0.13371529249870798,0.03856046207094516,0.09790687774691353,2,250.0,250,250,no_mask/single_class/inertial/count/row_column
MHD,10m,January,region_constrained,no_mask,single_class,inertial,balanced,row_column,250,0.05281253090141534,0.090538491550453,0.11434198980290003,0.07332235053524358,0.10351554879271982,8.036801905082554e-10,3.708448490213224e-10,0.9795540797219264,0.9243637697131241,0.05938533650255419,0.012237304305834367,0.05478317458922265,0.08484430820805015,0.060013500132071615,0.16867047947372843,2,250.0,250,250,no_mask/single_class/inertial/balanced/row_column
MHD,10m,January,region_constrained,no_mask,single_class,axis_parallel,count,lat_lon_metres,250,0.0543588398357545,0.1401085925915263,0.09081344991911694,0.06651037653020864,0.10600454169324089,7.776910418114943e-10,4.336857630614399e-10,0.9816393329172901,0.9311202551114024,0.02729228578269184,0.017424575179461176,0.0326099057893387,0.1401085925915263,0.026918916418343063,0.1547079834198908,2,250.0,250,250,no_mask/single_class/axis_parallel/count/lat_lon_metres
MHD,10m,January,region_constrained,no_mask,single_class,inertial,balanced,lat_lon_metres,250,0.055746543969835395,0.09920980266925085,0.12053657257907324,0.07734322017291467,0.12536915264917725,9.229905837040483e-10,4.185477214087581e-10,0.9714707376911818,0.9253678106197776,0.06920785256345434,0.013467026518275194,0.05513935476965248,0.08517194202795955,0.06348737505887243,0.17758577009927404,2,250.0,250,250,no_mask/single_class/inertial/balanced/lat_lon_metres
MHD,10m,January,region_constrained,selected_countries,weight,inertial,balanced,lat_lon_metres,250,0.062295479391492194,0.1096048586542982,3.5228135123731564e-16,0.04153031959432825,0.12871823394180765,1.0966251623026524e-09,5.184912147262397e-10,0.9697152437971525,0.902218985068909,0.1096048586542982,0.01021547884800188,0.07257393479911314,0.056787645264555556,3.625580344492442e-16,3.42004668025387e-16,2,250.0,250,250,selected_countries/weight/inertial/balanced/lat_lon_metres
MHD,10m,January,region_constrained,no_mask,single_class,inertial,count,lat_lon_metres,250,0.06352778260505784,0.11211944899171744,0.07372016765641115,0.06692524428884228,0.11139587570860557,6.423131308774765e-10,2.476352619236415e-10,0.970134415646944,0.9392830351687567,0.06649751202270739,0.006347026863741882,0.06914714254206468,0.11211944899171744,0.024265513857728994,0.1231748214550933,2,250.0,250,250,no_mask/single_class/inertial/count/lat_lon_metres
MHD,10m,January,region_constrained,selected_countries,weight,inertial,count,lat_lon_metres,250,0.06513350287944789,0.10527206355710692,4.045607778709109e-16,0.04342233525296539,0.195430052228032,1.2865783190325197e-09,1.0537291822090068e-09,0.9667352073698094,0.9103065771191297,0.07715187150768114,0.013534360191136062,0.06457571626186741,0.10527206355710692,4.455092123237886e-16,3.6361234341803306e-16,2,250.0,250,250,selected_countries/weight/inertial/count/lat_lon_metres
MHD,10m,January,region_constrained,selected_countries,weight,inertial,balanced,row_column,250,0.06515907277178934,0.12183024825695514,4.243495631573347e-16,0.0434393818478597,0.12438472415972388,1.0137929579694091e-09,6.065356256253782e-10,0.9734688542642155,0.9029311364974981,0.12183024825695514,0.012400445660161297,0.06550187662662582,0.060903720543415044,4.22832058711257e-16,4.258670676034123e-16,2,250.0,250,250,selected_countries/weight/inertial/balanced/row_column
MHD,10m,January,region_constrained,land_sea,area,inertial,count,lat_lon_metres,250,0.06768082527516633,0.13146476590013906,0.048029488707594395,0.06113037975264235,0.11293175016236257,7.800397093288485e-10,2.035962720035035e-10,0.974676241248958,0.9248245746908058,0.13146476590013906,0.011462291500096053,0.04692352337102309,0.08087272032940712,7.004514547757576e-16,0.09605897741518808,2,250.0,250,250,land_sea/area/inertial/count/lat_lon_metres
MHD,10m,January,region_constrained,selected_countries,area,axis_parallel,count,lat_lon_metres,250,0.07121255354780037,0.1517419388180017,2.2592548474452437e-16,0.04747503569853365,0.15697904820679195,1.4253773632369156e-09,9.596827977092707e-10,0.9770740096090238,0.9204476893207643,0.0872991583335109,0.0087615100778598,0.0370476069618291,0.1517419388180017,2.385547508310826e-16,2.132962186579661e-16,2,250.0,250,250,selected_countries/area/axis_parallel/count/lat_lon_metres
MHD,10m,January,region_constrained,land_sea,weight,inertial,count,row_column,250,0.07150297543526199,0.14230719927720323,0.025666288187108116,0.056224079685877365,0.1795613213991356,1.0357376278678177e-09,6.70707652385206e-10,0.9626509515779925,0.9240044129718483,0.12987228321975283,0.017034883959541197,0.05126934755848976,0.08783538700326418,3.9413201267325283e-16,0.05133257637421583,2,250.0,250,250,land_sea/weight/inertial/count/row_column
MHD,10m,January,region_constrained,selected_countries,area,axis_parallel,count,row_column,250,0.07294076152759668,0.144288542365785,2.2511358714707415e-16,0.048627174351731195,0.16580669992760944,1.5358477765061713e-09,1.0872988723945376e-09,0.9781473737024086,0.9206191405997592,0.0717043431935474,0.009353396261483182,0.06641676428957113,0.144288542365785,2.7512994684147864e-16,1.7509722745266966e-16,2,250.0,250,250,selected_countries/area/axis_parallel/count/row_column
MHD,10m,January,region_constrained,land_sea,area,inertial,count,row_column,250,0.07304727426903851,0.12920809063034555,0.025384644473178123,0.057159731003751726,0.16140907072052124,1.138811053486018e-09,8.24309396197381e-10,0.983531064006158,0.9323590894706515,0.12920809063034555,0.014008558049595521,0.03670092911204303,0.11227151928416997,3.4663638994844903e-16,0.0507692889463559,2,250.0,250,250,land_sea/area/inertial/count/row_column
MHD,10m,January,region_constrained,land_sea,area,axis_parallel,count,row_column,250,0.07315686990035705,0.1252554998687381,0.055878673414437224,0.06739747107171712,0.11831806193349045,9.615609759496234e-10,6.840895318805994e-10,0.9886680717314058,0.9163283018748245,0.09449068645355643,0.012758646023613355,0.06873278422535616,0.11664536289890232,3.021294530450347e-16,0.11175734682887414,2,250.0,250,250,land_sea/area/axis_parallel/count/row_column
MHD,10m,January,region_constrained,selected_countries,weight,axis_parallel,count,row_column,250,0.07417487485819546,0.10843295633359237,3.1416265031067436e-16,0.049449916572130416,0.1584024775226798,1.3090885722216964e-09,9.300058887849835e-10,0.9778051999529778,0.9167974011088965,0.08855462064572188,0.011048586437677423,0.10329409270349568,0.09380219964588685,3.098703986240543e-16,3.1845490199729443e-16,2,250.0,250,250,selected_countries/weight/axis_parallel/count/row_column
MHD,10m,January,region_constrained,selected_countries,area,inertial,balanced,lat_lon_metres,250,0.07877337682131808,0.1257511729335333,5.148316742434036e-16,0.052515584547545555,0.10267348631395115,7.297104739758639e-10,1.9098108133785986e-11,0.9748272903100914,0.9053600735105907,0.12515612388191696,0.010419380411566613,0.07815161201597338,0.10136639097581535,5.566376166400945e-16,4.730257318467126e-16,2,250.0,250,250,selected_countries/area/inertial/balanced/lat_lon_metres
MHD,10m,January,region_constrained,land_sea,area,axis_parallel,count,lat_lon_metres,250,0.07905401094128221,0.1474770454949625,0.04479531805161645,0.06763444664472695,0.13776224524759606,1.222794702964912e-09,8.521632817459151e-10,0.9848322309299011,0.9185899596106777,0.11912023131120149,0.011223961597649174,0.0489068865435187,0.13696496431275954,3.593949991434937e-16,0.08959063610323253,2,250.0,250,250,land_sea/area/axis_parallel/count/lat_lon_metres
MHD,10m,January,region_constrained,land_sea,weight,inertial,count,lat_lon_metres,250,0.07939873531544028,0.13201192331849598,0.02952554048304172,0.0627743370379741,0.2002055676528025,1.2017472464659058e-09,9.917571417485572e-10,0.9681351992052036,0.922026451116487,0.12228625497064669,0.011198737263780867,0.06451870377582512,0.1195912452515085,4.527731366828862e-16,0.05905108096608299,2,250.0,250,250,land_sea/weight/inertial/count/lat_lon_metres
MHD,10m,January,region_constrained,land_sea,weight,axis_parallel,count,row_column,250,0.08261520210254221,0.12832686331923612,0.03930822683413287,0.06817954367973911,0.11697063960847345,8.301232267025422e-10,5.797903104927412e-10,0.9848994206160265,0.9154465777135949,0.10325419089064386,0.013458068397290735,0.08542168580299814,0.12832686331923612,3.300297781233378e-16,0.07861645366826542,2,250.0,250,250,land_sea/weight/axis_parallel/count/row_column
MHD,10m,January,region_constrained,selected_countries,weight,axis_parallel,count,lat_lon_metres,250,0.08315602405335897,0.13234138002789125,2.853963210594252e-16,0.05543734936890607,0.14999167311046271,1.27484506455126e-09,8.08826481356005e-10,0.9730395778571868,0.9129118541022865,0.10947715508309558,0.009823173837230036,0.080982387265219,0.13234138002789125,2.492890279264091e-16,3.2150361419244135e-16,2,250.0,250,250,selected_countries/weight/axis_parallel/count/lat_lon_metres
MHD,10m,January,region_constrained,land_sea,weight,axis_parallel,count,lat_lon_metres,250,0.08784483187020364,0.13809902883085606,0.03574459057315339,0.0704780847711869,0.10950044998336336,7.747824850304377e-10,3.265472147450542e-10,0.9809343453656469,0.9107125375576723,0.10966147709821107,0.01543317318990644,0.09782869988669997,0.12845597730599714,3.326274171017085e-16,0.07148918114630645,2,250.0,250,250,land_sea/weight/axis_parallel/count/lat_lon_metres
MHD,10m,January,region_constrained,land_sea,weight,inertial,balanced,lat_lon_metres,250,0.09039249090559588,0.14384326106614584,0.04598327288721702,0.07558941823280292,0.1316923058812606,1.0606383038443683e-09,5.439943280059382e-10,0.9713914811087265,0.9088539275214134,0.1360142214152767,0.013472081205286793,0.0978593266849202,0.11422433431689984,4.1574395862248093e-16,0.09196654577443363,2,250.0,250,250,land_sea/weight/inertial/balanced/lat_lon_metres
MHD,10m,January,region_constrained,land_sea,weight,inertial,balanced,row_column,250,0.09129689877661498,0.14321181148804474,0.04439246365147001,0.07566208706823332,0.12235362531714193,9.37991800785261e-10,6.498325406870855e-10,0.9790049222150214,0.9072522586190247,0.13790137495680604,0.014480894256087395,0.09396330568374212,0.11884202020982435,4.567440855034024e-16,0.08878492730293958,2,250.0,250,250,land_sea/weight/inertial/balanced/row_column
MHD,10m,January,region_constrained,selected_countries,weight,axis_parallel,balanced,row_column,250,0.10550909273448894,0.18738285361916138,2.6584534280670633e-16,0.07033939515632605,0.13820119821653526,9.563925857574851e-10,1.2152094464277144e-10,0.9653390107965258,0.9147916045989525,0.18738285361916138,0.053818075941689275,0.10147819308878031,0.07935724828832483,2.9240947541765304e-16,2.392812101957596e-16,2,250.0,250,250,selected_countries/weight/axis_parallel/balanced/row_column
MHD,10m,January,region_constrained,selected_countries,area,inertial,balanced,row_column,250,0.1058836799833201,0.19828924727583358,6.247147456265998e-16,0.07058911998888028,0.10512825781033475,7.399874224382673e-10,1.824333032780284e-10,0.9746251738244263,0.909883104389339,0.1532977444581484,0.010890112273930396,0.09343625003070516,0.16591061317049643,7.843131449780033e-16,4.651163462751964e-16,2,250.0,250,250,selected_countries/area/inertial/balanced/row_column
MHD,10m,January,region_constrained,no_mask,single_class,axis_parallel,balanced,lat_lon_metres,250,0.1174795943368053,0.2233044593708729,0.06279755160538417,0.09925224675966492,0.16013106709440328,1.1002296253275076e-09,-6.865687619274294e-11,0.936054609380337,0.9356610364465051,0.18745689672876673,0.02403492008714405,0.11338959578466618,0.1450369647466442,0.05977600783532696,0.06581909537544137,2,250.0,250,250,no_mask/single_class/axis_parallel/balanced/lat_lon_metres
MHD,10m,January,region_constrained,land_sea,area,inertial,balanced,lat_lon_metres,250,0.1196526531042348,0.18093491363376515,0.10371866954982562,0.11434132525276507,0.12132473455178419,7.488059424325207e-10,3.270406518722426e-10,0.9779668226487851,0.9143051228874447,0.14967459407239297,0.016291652527208367,0.1525827761572343,0.16006158966010353,3.0148669967084714e-16,0.2074373390996509,2,250.0,250,250,land_sea/area/inertial/balanced/lat_lon_metres
MHD,10m,January,region_constrained,selected_countries,weight,axis_parallel,balanced,lat_lon_metres,250,0.12023548284616409,0.2176103626974902,2.8747531596636037e-16,0.08015698856410948,0.1465675286637384,1.0557882561350437e-09,2.3143130963673574e-10,0.9604816019388196,0.9115949763601108,0.2176103626974902,0.0531514988692834,0.11577788010868777,0.09440218970919495,3.1552265965436835e-16,2.594279722783524e-16,2,250.0,250,250,selected_countries/weight/axis_parallel/balanced/lat_lon_metres
MHD,10m,January,region_constrained,no_mask,single_class,axis_parallel,balanced,row_column,250,0.12525807802428748,0.24111351175533757,0.04476082962913218,0.09842566189256904,0.17637448791510427,1.2161037129719842e-09,-1.874796902794164e-10,0.9254144775070741,0.936716436820914,0.2004911415718948,0.02185527476527441,0.1191000984890759,0.15958579727090483,0.042396795134812065,0.04712486412345229,2,250.0,250,250,no_mask/single_class/axis_parallel/balanced/row_column
MHD,10m,January,region_constrained,selected_countries,area,axis_parallel,balanced,lat_lon_metres,250,0.13283986088002028,0.2336477193883793,5.327115145311599e-16,0.08855990725334704,0.18254775701168405,1.320600504473283e-09,1.672811316841606e-11,0.9393294287198273,0.917106680020479,0.2336477193883793,0.05504528836806066,0.11530170288937765,0.12736473287426356,5.25545758733848e-16,5.398772703284719e-16,2,250.0,250,250,selected_countries/area/axis_parallel/balanced/lat_lon_metres
MHD,10m,January,region_constrained,selected_countries,area,axis_parallel,balanced,row_column,250,0.13615713296658957,0.22209322177468488,5.334212550527941e-16,0.09077142197772657,0.1718557550297642,1.2452230987977597e-09,9.881132787224893e-11,0.94466393145894,0.917170462738041,0.22209322177468488,0.058808965795638365,0.11523771826345314,0.14848862603258195,5.786709225684595e-16,4.881715875371285e-16,2,250.0,250,250,selected_countries/area/axis_parallel/balanced/row_column
MHD,10m,January,region_constrained,land_sea,area,inertial,balanced,row_column,250,0.13663047356471722,0.20518592401663754,0.09015283323166544,0.1211379267870333,0.1212948624965006,7.823855963281469e-10,3.700956258019e-10,0.9775858305780463,0.9144365006394507,0.13747120910739444,0.017429261992016207,0.18770473349370206,0.2039166896657562,3.3128287339577853e-16,0.18030566646333057,2,250.0,250,250,land_sea/area/inertial/balanced/row_column
MHD,10m,January,region_constrained,land_sea,weight,axis_parallel,balanced,lat_lon_metres,250,0.13713240912648061,0.25148541643065503,0.041769187786897234,0.10534466867995282,0.1993634257627267,1.3737138758329483e-09,-3.2695106540897514e-10,0.9276482664176543,0.9182726778884907,0.20136586986983437,0.06134334361354234,0.11552047142836322,0.1702999515941826,4.846152819432943e-16,0.08353837557379398,2,250.0,250,250,land_sea/weight/axis_parallel/balanced/lat_lon_metres
MHD,10m,January,region_constrained,land_sea,weight,axis_parallel,balanced,row_column,250,0.13799073352755523,0.2527713998956956,0.043583318264189444,0.1065215951064333,0.19432993496377504,1.285188645214284e-09,-2.3021985787622658e-10,0.9318017552543252,0.9188957228700723,0.20254369785046683,0.05738716180771057,0.11278831929931249,0.17924375515273103,4.302780687778899e-16,0.08716663652837846,2,250.0,250,250,land_sea/weight/axis_parallel/balanced/row_column
MHD,10m,January,region_constrained,land_sea,area,axis_parallel,balanced,lat_lon_metres,250,0.15874988838877396,0.2910777832330529,0.03925550859716992,0.11891842845823929,0.1961281607495884,1.3049365529430755e-09,-1.2295055947671186e-10,0.9193087761207609,0.9230655018677347,0.23925147545633427,0.06456275015818992,0.1436761806326938,0.18750914730787785,1.1837095585833586e-15,0.07851101719433866,2,250.0,250,250,land_sea/area/axis_parallel/balanced/lat_lon_metres
MHD,10m,January,region_constrained,land_sea,area,axis_parallel,balanced,row_column,250,0.16126590188726042,0.2940533610600235,0.05716009376588099,0.1265639658468006,0.19961034426483826,1.3430040644038642e-09,-3.3800974611167135e-10,0.9236819593840433,0.9231954814633849,0.23762048699645702,0.05654199812142499,0.14245189060047675,0.2084492318306829,1.0126457636859786e-15,0.11432018753176097,2,250.0,250,250,land_sea/area/axis_parallel/balanced/row_column
MHD,10m,July,bucketbasisfunction,legacy,legacy,bucketbasisfunction,legacy,row_column,250,0.011180903476953054,0.01645840696842782,0.04000294842016394,0.020788251791356682,0.27829513525418104,5.856424253798281e-09,4.643227810546804e-09,0.9322683319406657,0.8705130616840963,0.016163882161923875,0.0016280052611519378,0.014398230713821625,0.012533495770914782,0.039092159492497836,0.04091373734783004,2,249.0,249,249,bucketbasisfunction
MHD,10m,July,region_constrained,no_mask,single_class,axis_parallel,count,lat_lon_metres,250,0.01355132171580397,0.020192228860357125,0.0585162796085978,0.028539641013401916,0.29246047922014873,6.124363097381238e-09,4.592697902518871e-09,0.9033820366451364,0.8724372360106933,0.018729863904171938,0.001441082568600666,0.015134422188582995,0.01889991820186028,0.027001842393620298,0.0900307168235753,2,250.0,250,250,no_mask/single_class/axis_parallel/count/lat_lon_metres
MHD,10m,July,region_constrained,no_mask,single_class,axis_parallel,count,row_column,250,0.014110787649072108,0.021239950087105577,0.058227967233408034,0.028816514177184085,0.29257173032412304,6.125062345349977e-09,4.583902526598929e-09,0.902831482886731,0.873955332919913,0.01859754182138076,0.0013404507123957637,0.015265207975406328,0.021239950087105577,0.027212784534075635,0.08924314993274043,2,250.0,250,250,no_mask/single_class/axis_parallel/count/row_column
MHD,10m,July,quadtreebasisfunction,legacy,legacy,quadtreebasisfunction,legacy,row_column,250,0.01853013363042628,0.03232971453179515,0.08757719978300334,0.04154582234795197,0.30821633481604704,6.512226984783323e-09,5.081330672751715e-09,0.9182223675447911,0.8739999492412492,0.02006670136965961,0.0016425480942910287,0.02008157052595934,0.03232971453179515,0.04534227824246322,0.12981212132354347,2,251.5,250,253,quadtreebasisfunction
MHD,10m,July,region_constrained,no_mask,single_class,inertial,count,row_column,250,0.019001154078403287,0.030581346258650333,0.04210556155978966,0.02670262323886541,0.26684315525936836,5.207390283090657e-09,3.3485759320693717e-09,0.8557543997234194,0.887346129752032,0.023468682828121947,0.0012836000611802915,0.02067098716566057,0.030581346258650333,0.02573775612567268,0.058473366993906636,2,250.0,250,250,no_mask/single_class/inertial/count/row_column
MHD,10m,July,region_constrained,selected_countries,weight,inertial,count,lat_lon_metres,250,0.01912469104559709,0.03387270279048889,1.7118242860324363e-16,0.012749794030398116,0.13319421398245948,2.728347214539062e-09,2.3953032895775892e-09,0.9881775102801004,0.8518396232503656,0.03387270279048889,0.0018365090807650026,0.01737163136682022,0.02341792094431426,1.6742949186230894e-16,1.749353653441783e-16,2,250.0,250,250,selected_countries/weight/inertial/count/lat_lon_metres
MHD,10m,July,region_constrained,no_mask,single_class,inertial,balanced,lat_lon_metres,250,0.021917482155964764,0.03445478043019545,0.0697481267443088,0.03786103035207944,0.27861981856957696,5.577683156410674e-09,4.363501328678431e-09,0.8916126509624636,0.8768069950683621,0.03009097722624634,0.0020360895980096306,0.02195741255487985,0.03358544924472324,0.028044878184557274,0.11145137530406035,2,250.0,250,250,no_mask/single_class/inertial/balanced/lat_lon_metres
MHD,10m,July,region_constrained,selected_countries,weight,inertial,count,row_column,250,0.02246178354949268,0.03509152825611565,1.4101579823346708e-16,0.0149745223663285,0.08702603817698719,1.7716450207063605e-09,6.132521220041831e-10,0.9858776039185254,0.8534163015499509,0.03049331169601599,0.0016289320547158972,0.022633362191123167,0.03509152825611565,1.1753127747293194e-16,1.6450031899400217e-16,2,250.0,250,250,selected_countries/weight/inertial/count/row_column
MHD,10m,July,region_constrained,no_mask,single_class,inertial,count,lat_lon_metres,250,0.022532944533620314,0.04697154212329893,0.05420511717969386,0.03309033541564483,0.2695728053283086,5.8414088168953266e-09,4.764381432947908e-09,0.965868510915755,0.8796994617185063,0.014415021528424235,0.0022292287687702707,0.036624588332919164,0.03686293950436757,0.047760120677980876,0.060650113681406846,2,250.0,250,250,no_mask/single_class/inertial/count/lat_lon_metres
MHD,10m,July,region_constrained,selected_countries,weight,axis_parallel,count,row_column,250,0.022877985977600396,0.04180723044872235,1.9545731771883565e-16,0.015251990651733664,0.14142344195042017,2.7898299388648222e-09,2.261574188809616e-09,0.9794132681409311,0.852461690277893,0.024920632440083735,0.0022599816530927026,0.032863071468063575,0.03146825834916157,1.5945951441510024e-16,2.3145512102257106e-16,2,250.0,250,250,selected_countries/weight/axis_parallel/count/row_column
MHD,10m,July,region_constrained,land_sea,area,axis_parallel,count,row_column,250,0.023837068174552167,0.03486903868718477,0.0410109765844488,0.029561704311184378,0.07498648463405846,1.5648702972220743e-09,7.470901531295238e-10,0.9865142641191389,0.8468782248903386,0.026570276951837703,0.0020322249821555925,0.03486903868718477,0.031876732077030595,1.1833432185028186e-16,0.08202195316889749,2,250.0,250,250,land_sea/area/axis_parallel/count/row_column
MHD,10m,July,region_constrained,selected_countries,weight,axis_parallel,count,lat_lon_metres,250,0.025057880247561712,0.04718219900372942,1.9596628001837517e-16,0.01670525349837454,0.15814043145832782,3.176528991878938e-09,2.6386098671428502e-09,0.9766416537625158,0.8491335493197341,0.02810297048598272,0.002659810617280439,0.03707442987204893,0.032394310014934743,1.6739815700670652e-16,2.2453440303004384e-16,2,250.0,250,250,selected_countries/weight/axis_parallel/count/lat_lon_metres
MHD,10m,July,region_constrained,no_mask,single_class,axis_parallel,balanced,row_column,250,0.025160430876588202,0.047871297736381345,0.05539208835145726,0.035237650034877895,0.17383138714384325,3.5528529902232073e-09,1.8220085151889079e-09,0.9300751001229224,0.8809130298707353,0.047871297736381345,0.0014379290263959498,0.03586199999842148,0.015470496745154036,0.04889855298929473,0.06188562371361979,2,250.0,250,250,no_mask/single_class/axis_parallel/balanced/row_column
MHD,10m,July,region_constrained,land_sea,weight,axis_parallel,count,row_column,250,0.025608363722835786,0.04088974991884773,0.0649088408612648,0.03870852276897879,0.15440386970768522,3.089746378332076e-09,2.560316859197468e-09,0.9769612148031857,0.8509970271147679,0.025621984788585482,0.002258761610882394,0.03598361280452732,0.03856909568734795,1.559953485202002e-16,0.12981768172252944,2,250.0,250,250,land_sea/weight/axis_parallel/count/row_column
MHD,10m,July,region_constrained,land_sea,weight,axis_parallel,count,lat_lon_metres,250,0.028087631967819576,0.05843287023208692,0.042479518731326264,0.032884927555655134,0.13868854341815914,2.714535971744589e-09,2.050309724492696e-09,0.9797480187832532,0.848948604209546,0.030329582177788077,0.0018701421449961913,0.021717933316407128,0.05843287023208692,1.392199065226874e-16,0.08495903746265238,2,250.0,250,250,land_sea/weight/axis_parallel/count/lat_lon_metres
MHD,10m,July,region_constrained,selected_countries,area,inertial,count,row_column,250,0.02868089701451353,0.0461341206518321,2.7668236992264653e-16,0.01912059800967578,0.07326702369770001,1.5154187768400026e-09,2.2165839543910924e-10,0.987790138879517,0.8516058573149976,0.028240185686464143,0.0025692496183519556,0.0461341206518321,0.037780032101405917,1.7715809194350498e-16,3.762066479017881e-16,2,250.0,250,250,selected_countries/area/inertial/count/row_column
MHD,10m,July,region_constrained,no_mask,single_class,axis_parallel,balanced,lat_lon_metres,250,0.02934282580614853,0.05101254505535886,0.05438828607072491,0.03769131256100732,0.16495581230088807,3.361843219574761e-09,1.6754588009418632e-09,0.9365914089568876,0.8748501802716331,0.05101254505535886,0.0020097511507966986,0.03740956873856765,0.026939438279870893,0.048083955352373836,0.06069261678907599,2,250.0,250,250,no_mask/single_class/axis_parallel/balanced/lat_lon_metres
MHD,10m,July,region_constrained,land_sea,weight,inertial,count,row_column,250,0.029734467772455475,0.051256718227922084,0.02900278300123946,0.029490572848716805,0.08513599837783285,1.7227062182866433e-09,1.0471229180885305e-09,0.9910250325307446,0.8553389975736915,0.04262871991341732,0.0012515074111264205,0.02390270751356654,0.05115493625171162,1.3108297574198783e-16,0.05800556600247879,2,250.0,250,250,land_sea/weight/inertial/count/row_column
MHD,10m,July,region_constrained,selected_countries,area,inertial,count,lat_lon_metres,250,0.030363986985232554,0.05900694814492958,2.720747009645514e-16,0.02024265799015513,0.08333351760874755,1.6888007557136724e-09,7.367195600809293e-10,0.9842681799164603,0.8469980936388053,0.02189099546790261,0.0032515401426832543,0.05900694814492958,0.03730646418541478,1.3565539709749362e-16,4.084940048316092e-16,2,250.0,250,250,selected_countries/area/inertial/count/lat_lon_metres
MHD,10m,July,region_constrained,selected_countries,area,axis_parallel,count,row_column,250,0.030878682091783315,0.05530175238198176,2.909576651350822e-16,0.02058578806118897,0.10030766994225498,2.0584041097809073e-09,4.3625037692133055e-10,0.9716880330082556,0.8472037093126714,0.02341877385996686,0.0030485284553793336,0.05458246750091862,0.042464958550868445,1.84217935772286e-16,3.976973944978784e-16,2,250.0,250,250,selected_countries/area/axis_parallel/count/row_column
MHD,10m,July,region_constrained,land_sea,weight,inertial,count,lat_lon_metres,250,0.03188862145190023,0.059403146068433,0.021976336163478955,0.02858452635575981,0.135043530071563,2.8135322783781545e-09,2.432305763630649e-09,0.9857669318045481,0.8543854408690345,0.05439422134764229,0.0020562548783367397,0.025107308402843868,0.045996701178778035,1.8947893601415834e-16,0.04395267232695772,2,250.0,250,250,land_sea/weight/inertial/count/lat_lon_metres
MHD,10m,July,region_constrained,selected_countries,area,axis_parallel,count,lat_lon_metres,250,0.03295181729646059,0.06067688285273393,2.9177562395953184e-16,0.021967878197640484,0.1030214169993814,2.114856031195908e-09,9.339288681558565e-10,0.9745893833467774,0.8417877612388613,0.024841997522784938,0.0034549851674807873,0.06067688285273393,0.042833403642842674,1.8230487177718907e-16,4.012463761418746e-16,2,250.0,250,250,selected_countries/area/axis_parallel/count/lat_lon_metres
MHD,10m,July,region_constrained,land_sea,weight,inertial,balanced,row_column,250,0.034059147004026985,0.07540886243151165,0.05510917493113032,0.041075822979728095,0.07379296874348995,1.493049140985193e-09,3.482900615493779e-10,0.9871551958788458,0.8520590783413884,0.07540886243151165,0.002820727364467855,0.032634876817522,0.025372121402606432,1.1358777438230635e-16,0.11021834986226053,2,250.0,250,250,land_sea/weight/inertial/balanced/row_column
MHD,10m,July,region_constrained,selected_countries,weight,inertial,balanced,row_column,250,0.034180614539841385,0.05609485538063705,1.3595673733681349e-16,0.0227870763598943,0.07422900834861282,1.483170990185051e-09,6.677376775009266e-10,0.9875307498837536,0.8507824364763308,0.053762546656820495,0.004237255047454467,0.03489765746456816,0.04382499899052242,1.3213904283293666e-16,1.397744318406903e-16,2,250.0,250,250,selected_countries/weight/inertial/balanced/row_column
MHD,10m,July,region_constrained,land_sea,area,inertial,count,lat_lon_metres,250,0.03642023975161886,0.052596538060494955,0.03880485205644555,0.03721511051989442,0.11619554565476795,2.314460786490796e-09,1.6401790936588935e-09,0.9764692845337783,0.8521416821861191,0.0518436456678307,0.0022121076676177307,0.04127315107441717,0.050352054596609824,1.2417515218849467e-16,0.07760970411289099,2,250.0,250,250,land_sea/area/inertial/count/lat_lon_metres
MHD,10m,July,region_constrained,land_sea,weight,inertial,balanced,lat_lon_metres,250,0.036550423689357306,0.07163000127477459,0.07672756406604772,0.04994280381492078,0.08649456437834745,1.7435513304504521e-09,3.260486884315699e-10,0.9824323521261269,0.8505564354708433,0.07163000127477459,0.00359470452953733,0.04018937425440361,0.03078761469871369,1.1581491058295988e-16,0.15345512813209533,2,250.0,250,250,land_sea/weight/inertial/balanced/lat_lon_metres
MHD,10m,July,region_constrained,selected_countries,weight,axis_parallel,balanced,row_column,250,0.038236963702132205,0.0722187971170099,1.6401339110816627e-16,0.025491309134754857,0.11015874764782818,2.3692374217388594e-09,-1.5182887367681176e-09,0.9797084570794563,0.8534675172454921,0.0722187971170099,0.005845088386465369,0.0457820901316183,0.029101879173435246,1.3077347447222288e-16,1.9725330774410965e-16,2,250.0,250,250,selected_countries/weight/axis_parallel/balanced/row_column
MHD,10m,July,region_constrained,selected_countries,weight,axis_parallel,balanced,lat_lon_metres,250,0.03879573331323666,0.07389601999521278,1.8031682226619846e-16,0.0258638222088245,0.11003110819189692,2.3620346136017727e-09,-1.4123235809370515e-09,0.977813024587096,0.8521514165822792,0.07389601999521278,0.006300234570157483,0.0459577389266219,0.02902893976095447,1.5290488873433114e-16,2.077287557980658e-16,2,250.0,250,250,selected_countries/weight/axis_parallel/balanced/lat_lon_metres
MHD,10m,July,region_constrained,land_sea,area,inertial,balanced,row_column,250,0.03899973419367547,0.06599942073327049,0.08139691252671244,0.05313212697135446,0.07801923500411906,1.5855487369973484e-09,-3.624334904687853e-11,0.9805373470091097,0.8491001944864416,0.06599942073327049,0.0033433877883629224,0.03321974043102403,0.05343638782204445,1.3517741188615487e-16,0.16279382505342474,2,250.0,250,250,land_sea/area/inertial/balanced/row_column
MHD,10m,July,region_constrained,land_sea,weight,axis_parallel,balanced,row_column,250,0.03950095530219747,0.07760348270578207,0.0348541243977711,0.03795201166738868,0.08967010449506932,1.910103195161252e-09,-1.0803063239082697e-09,0.9844462850188378,0.8604678398628559,0.07760348270578207,0.006447766716143792,0.04934725585322318,0.02460531593364086,1.5719689839815333e-16,0.06970824879554205,2,250.0,250,250,land_sea/weight/axis_parallel/balanced/row_column
MHD,10m,July,region_constrained,land_sea,weight,axis_parallel,balanced,lat_lon_metres,250,0.040483481372916616,0.07666668664734907,0.04146600057079191,0.04081098777220838,0.09173129808399647,1.948265812356355e-09,-1.1006521884126592e-09,0.9841348843412518,0.8610540297954297,0.07666668664734907,0.006476476464394853,0.049630904906018875,0.029159857473903664,1.5820975445873123e-16,0.08293200114158365,2,250.0,250,250,land_sea/weight/axis_parallel/balanced/lat_lon_metres
MHD,10m,July,region_constrained,land_sea,area,inertial,balanced,lat_lon_metres,250,0.041075197655991325,0.06349256740307865,0.1212863045376871,0.06781223328322325,0.09893985341565767,1.9768683979183507e-09,3.799041057332616e-10,0.9697289162426634,0.8501793191268305,0.060800581901022686,0.003682119465352583,0.04547039043290365,0.05434769882468638,1.25693182281628e-16,0.2425726090753741,2,250.0,250,250,land_sea/area/inertial/balanced/lat_lon_metres
MHD,10m,July,region_constrained,land_sea,area,inertial,count,row_column,250,0.04109139410853943,0.07459259659554247,0.046566950626793537,0.042916579614624126,0.08311405402554285,1.7194840430729079e-09,1.0296116343859957e-09,0.9860302426630217,0.8571222925085702,0.055761492704481413,0.0016374270909811127,0.032826662588300616,0.07413999405039456,1.5749398607197844e-16,0.09313390125358692,2,250.0,250,250,land_sea/area/inertial/count/row_column
MHD,10m,July,region_constrained,selected_countries,weight,inertial,balanced,lat_lon_metres,250,0.04389451277446058,0.07044747064860689,1.3696862866099843e-16,0.0292630085163071,0.08408172736262981,1.6615817957341784e-09,5.684017349199789e-10,0.9850797397526879,0.8521354879041108,0.060130450895234284,0.005093274694665468,0.04082568154541323,0.06952864396252934,1.1178058627885913e-16,1.621566710431377e-16,2,250.0,250,250,selected_countries/weight/inertial/balanced/lat_lon_metres
MHD,10m,July,region_constrained,land_sea,area,axis_parallel,count,lat_lon_metres,250,0.04701207412142697,0.09102507489313906,0.022400219617177614,0.038808122620010516,0.08973910199024199,1.806307899802937e-09,3.303137695185207e-10,0.9768891375328588,0.8460413153986099,0.036240962663198234,0.019177901514640616,0.07539298325598576,0.05723644905188324,1.1344319095208803e-16,0.044800439234355116,2,250.0,250,250,land_sea/area/axis_parallel/count/lat_lon_metres
MHD,10m,July,region_constrained,land_sea,area,axis_parallel,balanced,row_column,250,0.04864647704197143,0.08672479398450446,0.03583112088914914,0.044374691657697335,0.1101328759684731,2.3052037704078814e-09,-1.5630220189121952e-09,0.9835833565658159,0.8739684209198106,0.08672479398450446,0.00700361383325334,0.0547484395016478,0.046109060848480106,1.5789079534883182e-16,0.07166224177829811,2,250.0,250,250,land_sea/area/axis_parallel/balanced/row_column
MHD,10m,July,region_constrained,land_sea,area,axis_parallel,balanced,lat_lon_metres,250,0.04907749805199431,0.08681392624922595,0.035892487198032896,0.044682494434007174,0.11360971236432599,2.368994705037645e-09,-1.4707365696953718e-09,0.979849364243367,0.870761162869584,0.08681392624922595,0.0070431279701240685,0.05470916337400835,0.04774377461461886,1.780932556672863e-16,0.07178497439606561,2,250.0,250,250,land_sea/area/axis_parallel/balanced/lat_lon_metres
MHD,10m,July,region_constrained,selected_countries,area,axis_parallel,balanced,lat_lon_metres,250,0.05054347432220316,0.08934011035668034,2.751727068464223e-16,0.03369564954813553,0.12367223367985902,2.6049082224020355e-09,-1.5937988284800357e-09,0.974122147987169,0.8574571084233444,0.08934011035668034,0.006574961491127222,0.05471629438463246,0.05154253105637262,1.4543898901133319e-16,4.0490642468151137e-16,2,250.0,250,250,selected_countries/area/axis_parallel/balanced/lat_lon_metres
MHD,10m,July,region_constrained,selected_countries,area,axis_parallel,balanced,row_column,250,0.050629859489741476,0.08971291806718414,2.711969066465726e-16,0.03375323965982774,0.12747615126320583,2.6762638025403395e-09,-1.821821586847287e-09,0.9765834285506756,0.8632304095185498,0.08971291806718414,0.0065964994523457915,0.05494159285627902,0.051268427583156966,1.562853670714822e-16,3.86108446221663e-16,2,250.0,250,250,selected_countries/area/axis_parallel/balanced/row_column
MHD,10m,July,region_constrained,selected_countries,area,inertial,balanced,lat_lon_metres,250,0.06300419694856595,0.09813897789276896,3.3470175845998857e-16,0.04200279796571074,0.0663165651901842,1.3155073756138639e-09,6.533210432827987e-11,0.9852454138188224,0.8489532461190838,0.0863208392084443,0.008026452675233048,0.06340763772013494,0.09426185819045149,2.0838451464547052e-16,4.610190022745066e-16,2,250.0,250,250,selected_countries/area/inertial/balanced/lat_lon_metres
MHD,10m,July,region_constrained,selected_countries,area,inertial,balanced,row_column,250,0.06425952431853743,0.10359353839236021,3.2873461194397393e-16,0.04283968287902507,0.08575033708396784,1.662841642609067e-09,3.604258201357012e-10,0.9747582393952132,0.8476204983354354,0.07740721441896534,0.008766755946547864,0.06781337054513684,0.10305075636349972,2.002510320671438e-16,4.572181918208041e-16,2,250.0,250,250,selected_countries/area/inertial/balanced/row_column
MHD,10m,July,region_constrained,no_mask,single_class,inertial,balanced,row_column,250,0.08002480153024659,0.17459355321937461,0.07656518868900526,0.07887159724983281,0.2422426668909947,4.808068543184089e-09,3.514519755962758e-09,0.8976010681909457,0.8789573328235272,0.17459355321937461,0.00599371628264195,0.10073428949009346,0.0387776471288763,0.02770032430373898,0.12543005307427155,2,250.0,250,250,no_mask/single_class/inertial/balanced/row_column
TAC,185m,January,region_constrained,no_mask,single_class,inertial,count,row_column,250,0.004531090240042223,0.008395678961644688,0.019400303688587354,0.0094874947228906,0.04456991689328485,3.0714951384343653e-09,-9.113034256339882e-10,0.9964929926857256,0.9372446601857016,0.004741587221153641,0.002825345583824656,0.002161749193545906,0.008395678961644688,0.01133551408286022,0.027465093294314492,2,250.0,250,250,no_mask/single_class/inertial/count/row_column
TAC,185m,January,region_constrained,no_mask,single_class,inertial,count,lat_lon_metres,250,0.008474864036784664,0.01433209937257418,0.012459237961486375,0.0098029886783519,0.08028012082688932,5.566560546005341e-09,-2.750446706882084e-09,0.9859814047265512,0.9409901507400226,0.006021183398275216,0.00476048108152343,0.008785692294765831,0.01433209937257418,0.012096870810853432,0.012821605112119317,2,250.0,250,250,no_mask/single_class/inertial/count/lat_lon_metres
TAC,185m,January,region_constrained,land_sea,weight,axis_parallel,count,row_column,250,0.008495170856993587,0.01575241969093064,0.007201039105259852,0.008063793606415676,0.0272006439791824,1.8721327373295376e-09,-7.123827555311942e-10,0.998938935130518,0.9195918130158276,0.011403728946990368,0.0023982567461040345,0.007157640656801514,0.013021057078078433,9.914019365736023e-17,0.014402078210519604,2,250.0,250,250,land_sea/weight/axis_parallel/count/row_column
TAC,185m,January,region_constrained,land_sea,area,axis_parallel,count,row_column,250,0.012206424064971735,0.03152853364844567,0.014613987500929385,0.013008945210290952,0.04490078997492085,3.1131246924042928e-09,-2.980805138408396e-10,0.9951578602055748,0.9150720142014293,0.017179649723638966,0.003077968038511868,0.004136910487009038,0.024431168010727068,1.241682228836472e-16,0.02922797500185865,2,250.0,250,250,land_sea/area/axis_parallel/count/row_column
TAC,185m,January,region_constrained,selected_countries,weight,axis_parallel,count,lat_lon_metres,250,0.013759864910868082,0.01913020426630202,1.1683636337205413e-16,0.009173243273912092,0.05252202396461845,3.6162598586337506e-09,-1.8436396390607971e-09,0.9971720238355355,0.9251274494517293,0.01879975919991947,0.008989821872823331,0.012178395950093287,0.015071482620636241,1.5704233117760666e-16,7.663039556650163e-17,2,250.0,250,250,selected_countries/weight/axis_parallel/count/lat_lon_metres
TAC,185m,January,region_constrained,selected_countries,weight,axis_parallel,count,row_column,250,0.013999716448235094,0.02448071487698974,1.2748491492963756e-16,0.009333144298823438,0.08159288897726816,5.656815762882069e-09,-2.914058834448085e-09,0.9877147939242947,0.9258040933721896,0.013726184314234322,0.0038765947041041627,0.01391537189761215,0.02448071487698974,1.7595563331243015e-16,7.901419654684494e-17,2,250.0,250,250,selected_countries/weight/axis_parallel/count/row_column
TAC,185m,January,region_constrained,land_sea,weight,inertial,count,row_column,250,0.014414722082789554,0.027909361534836086,0.015267099853182467,0.014698848006253859,0.03557651005363882,2.455082456599539e-09,-5.076943042343298e-10,0.9976628265273232,0.9276668400363455,0.020124535791503726,0.010354343858650583,0.014559223496728701,0.012620785184275205,1.6788159442599664e-16,0.030534199706364767,2,250.0,250,250,land_sea/weight/inertial/count/row_column
TAC,185m,January,region_constrained,selected_countries,weight,inertial,count,lat_lon_metres,250,0.015096499520828371,0.03055441008539103,1.2526813105939928e-16,0.010064333013885622,0.07657662387994404,5.298098269917589e-09,-2.5050711747186456e-09,0.9903338083769675,0.9285758396320396,0.02157285870763124,0.004372402544204682,0.005726197056727229,0.028714539774750338,1.6683640082551525e-16,8.369986129328332e-17,2,250.0,250,250,selected_countries/weight/inertial/count/lat_lon_metres
TAC,185m,January,region_constrained,selected_countries,weight,inertial,count,row_column,250,0.015834235171958658,0.03550022575344032,9.823761838670794e-17,0.010556156781305805,0.07114443955931778,4.934157176993828e-09,-2.0890243191744672e-09,0.9893249290083393,0.9281079100098045,0.020276612579759136,0.0034639800594837454,0.007454398627446396,0.03214194942114536,1.228576982862022e-16,7.361753848721367e-17,2,250.0,250,250,selected_countries/weight/inertial/count/row_column
TAC,185m,January,region_constrained,land_sea,weight,axis_parallel,count,lat_lon_metres,250,0.016270645710692203,0.0293640887794797,0.011180786783962683,0.01457402606844903,0.02974538763254802,2.043858755636991e-09,-9.73229553070678e-10,0.9990041543077071,0.9186659529560548,0.023404235021230495,0.0025212248957348126,0.012963072444274418,0.026194050481529087,1.0535479841896542e-16,0.02236157356792526,2,250.0,250,250,land_sea/weight/axis_parallel/count/lat_lon_metres
TAC,185m,January,region_constrained,land_sea,weight,inertial,count,lat_lon_metres,250,0.01733064814764147,0.041193250942954646,0.00626370731346388,0.013641667869582272,0.03587636216193832,2.4703426347807932e-09,-9.541909761099824e-10,0.9983098598172788,0.9279528547042328,0.0247217375236541,0.006602302393797654,0.003797223164683704,0.034201329508430425,1.670325969126045e-16,0.012527414626927594,2,250.0,250,250,land_sea/weight/inertial/count/lat_lon_metres
TAC,185m,January,region_constrained,no_mask,single_class,inertial,balanced,lat_lon_metres,250,0.019526855471028462,0.04654754997763831,0.0152065631254219,0.01808675802249294,0.06904342151095069,4.792021384021366e-09,-2.387172089857998e-09,0.9887739197941331,0.9396877105112085,0.03744780827151013,0.005026391801673722,0.013522273483717142,0.022110948327212852,0.01511277924029587,0.015300347010547926,2,250.0,250,250,no_mask/single_class/inertial/balanced/lat_lon_metres
TAC,185m,January,region_constrained,land_sea,area,inertial,count,lat_lon_metres,250,0.020826099404499452,0.050381727243953706,0.010871969505287715,0.017508056104762203,0.033647309262840146,2.3277155876478175e-09,-7.831034987419439e-11,0.997523159149774,0.9217950851431309,0.030594853957290107,0.007786692952754505,0.0016957603421578378,0.04322709036579536,1.5824330148044716e-16,0.02174393901057527,2,250.0,250,250,land_sea/area/inertial/count/lat_lon_metres
TAC,185m,January,region_constrained,selected_countries,weight,inertial,balanced,row_column,250,0.021349170332922572,0.04108740832982629,1.153169637277854e-16,0.014232780221948417,0.0787798432361402,5.456468823431864e-09,-2.76094451006313e-09,0.9881407145579462,0.9287825867494224,0.03518495764311223,0.009397657988403632,0.01918652941673161,0.021627536283442803,1.4889543214464897e-16,8.173849531092186e-17,2,250.0,250,250,selected_countries/weight/inertial/balanced/row_column
TAC,185m,January,region_constrained,selected_countries,weight,inertial,balanced,lat_lon_metres,250,0.02145739918808199,0.0405173254789714,1.1859883278266662e-16,0.014304932792054699,0.07862262568518211,5.445447033367417e-09,-2.558855207237091e-09,0.9877417761257221,0.9287356090478702,0.035907300300968184,0.009591098365507202,0.018502423268845297,0.021828774817007277,1.5724609024896988e-16,7.995157531636336e-17,2,250.0,250,250,selected_countries/weight/inertial/balanced/lat_lon_metres
TAC,185m,January,quadtreebasisfunction,legacy,legacy,quadtreebasisfunction,legacy,row_column,250,0.021622555261637217,0.048116686713089635,0.017644365900008327,0.020296492141094254,0.10010016445710115,6.921564843474434e-09,-3.2020388097570303e-09,0.9850079168374485,0.9395096323488024,0.013348882533482284,0.008965935897392635,0.017451865171593056,0.04672353744408088,0.014891926534334982,0.020396805265681668,2,248.5,247,250,quadtreebasisfunction
TAC,185m,January,region_constrained,no_mask,single_class,inertial,balanced,row_column,250,0.021623582718031446,0.05328583547741938,0.012479717003495358,0.01857562747985275,0.06585272233607553,4.562165805796208e-09,-2.510324323674861e-09,0.9916197283643995,0.9377751481828585,0.04007863322251569,0.006009189235935455,0.012718280677357344,0.027688227736317295,0.012192426737082403,0.012767007269908313,2,250.0,250,250,no_mask/single_class/inertial/balanced/row_column
TAC,185m,January,region_constrained,land_sea,area,axis_parallel,count,lat_lon_metres,250,0.02254720275619191,0.054584941678199494,0.006244366570498386,0.017112924027627402,0.049546402993009206,3.4363258382988025e-09,-1.1656829945775494e-09,0.9940382725158365,0.9139622688342979,0.02786121998304019,0.0019310070462638098,0.009021438757216943,0.05137514523824669,1.2754578606094307e-16,0.012488733140996643,2,250.0,250,250,land_sea/area/axis_parallel/count/lat_lon_metres
TAC,185m,January,region_constrained,land_sea,weight,inertial,balanced,lat_lon_metres,250,0.023512254157314387,0.05686102702848429,0.005795118701237435,0.01760654233862207,0.09007465279092397,6.254702918800175e-09,-3.0353983500067895e-09,0.9801809221450029,0.9268483715776096,0.04055682024005962,0.008116460242073518,0.013131702884217798,0.03224403326290661,3.562331614243158e-16,0.011590237402474512,2,250.0,250,250,land_sea/weight/inertial/balanced/lat_lon_metres
TAC,185m,January,region_constrained,land_sea,weight,inertial,balanced,row_column,250,0.023650965154700585,0.057809796106829306,0.005743230907214561,0.017681720405538576,0.0832645213125861,5.776810205046401e-09,-2.845353722084804e-09,0.9842273536547369,0.9263991829473186,0.04115759793505272,0.008417295625817452,0.012107965735330796,0.032921001322601375,3.601137790681978e-16,0.011486461814428762,2,250.0,250,250,land_sea/weight/inertial/balanced/row_column
TAC,185m,January,region_constrained,no_mask,single_class,axis_parallel,count,lat_lon_metres,250,0.024643162447495696,0.05383853766113315,0.012666965218168867,0.02065109670438675,0.07841486954565231,5.4507770371710395e-09,-1.4610156189162126e-09,0.9829760291468796,0.938288702133085,0.014495722316614102,0.010122116743943742,0.020116273068291793,0.05383853766113315,0.010103266075494863,0.015230664360842871,2,250.0,250,250,no_mask/single_class/axis_parallel/count/lat_lon_metres
TAC,185m,January,bucketbasisfunction,legacy,legacy,bucketbasisfunction,legacy,row_column,250,0.025207682221699012,0.05968113365206444,0.017169524354205955,0.02252829626586799,0.07899545070051084,5.488551134964793e-09,-1.5081251002942111e-09,0.9840622805847947,0.9386844267921859,0.015214743416603562,0.0085063301976956,0.01742852162043245,0.05968113365206444,0.014312693242654448,0.020026355465757456,2,249.0,249,249,bucketbasisfunction
TAC,185m,January,region_constrained,land_sea,area,inertial,count,row_column,250,0.026453695169966422,0.05564690406899387,0.013822272863938254,0.022243221067957033,0.04745148032611296,3.2851408932445106e-09,-3.2867229886247836e-10,0.9949153188334243,0.9196972998782531,0.038353715613924935,0.00748147898538144,0.014921447932296696,0.045058138148262615,1.5591641286477489e-16,0.027644545727876352,2,250.0,250,250,land_sea/area/inertial/count/row_column
TAC,185m,January,region_constrained,selected_countries,weight,axis_parallel,balanced,row_column,250,0.03125861706308125,0.054409205080880096,4.1231235184438323e-16,0.02083907804205431,0.14340509002982088,9.858272205087964e-09,-6.602033564445292e-09,0.985473996840786,0.9285101443023402,0.04331918088545611,0.016335787191272922,0.025426132230220173,0.039953367945375795,6.758146311026305e-16,1.4881007258613595e-16,2,250.0,250,250,selected_countries/weight/axis_parallel/balanced/row_column
TAC,185m,January,region_constrained,selected_countries,weight,axis_parallel,balanced,lat_lon_metres,250,0.031618321937885295,0.05614063234671751,4.186431601241366e-16,0.02107888129192367,0.14087886989528325,9.682058258220779e-09,-6.550250652241253e-09,0.9865359649074108,0.9282290207025301,0.043131777988009254,0.016710027624378967,0.02537273838665359,0.041258743752499355,6.866403443754653e-16,1.5064597587280786e-16,2,250.0,250,250,selected_countries/weight/axis_parallel/balanced/lat_lon_metres
TAC,185m,January,region_constrained,no_mask,single_class,axis_parallel,count,row_column,250,0.032439503787903314,0.07412938979310746,0.01330875312018883,0.026062586898665155,0.09374138181856687,6.52194574693484e-09,-2.0523871727719043e-09,0.9744891998181707,0.9421105469967594,0.02303983955964677,0.011349602398924456,0.0232642393039488,0.07210433388909324,0.011759118968409766,0.014858387271967897,2,250.0,250,250,no_mask/single_class/axis_parallel/count/row_column
TAC,185m,January,region_constrained,land_sea,area,inertial,balanced,row_column,250,0.03832735856988152,0.0817000086868732,0.01020265493260751,0.028952457357456857,0.10851766820414982,7.519412565215565e-09,-3.803328437857745e-09,0.9761415387353639,0.9192654206443736,0.0678825307884115,0.013300731556573343,0.018481434178304272,0.05364473775623699,2.1710374106654703e-16,0.020405309865214803,2,250.0,250,250,land_sea/area/inertial/balanced/row_column
TAC,185m,January,region_constrained,land_sea,area,inertial,balanced,lat_lon_metres,250,0.03952833854478917,0.09055557139965598,0.00860959080555089,0.029222089298376407,0.12126315913195938,8.40984618284514e-09,-4.1618214988554505e-09,0.9679987029615418,0.9191934472141283,0.06416041593275437,0.014901031901616991,0.01629587815021116,0.06275602819457414,1.7044775944827105e-16,0.01721918161110161,2,250.0,250,250,land_sea/area/inertial/balanced/lat_lon_metres
TAC,185m,January,region_constrained,no_mask,single_class,axis_parallel,balanced,row_column,250,0.04654267946077709,0.10252152472042422,0.06005180236807747,0.05104572042987721,0.33300056228967867,2.3084273098725615e-08,-1.847822114060826e-08,0.9348814364784319,0.9471014284535257,0.058682285245463456,0.0262340219662001,0.02161108894683331,0.0796433216846115,0.01964430746866564,0.10045929726748931,2,250.0,250,250,no_mask/single_class/axis_parallel/balanced/row_column
TAC,185m,January,region_constrained,no_mask,single_class,axis_parallel,balanced,lat_lon_metres,250,0.04664147295176062,0.10262552863070237,0.0596876534088603,0.050990199770793845,0.33187452901372044,2.3007872587863367e-08,-1.8307940230722393e-08,0.9349863962157314,0.9479822747935875,0.05879870298887735,0.026239031592669073,0.02158773846787818,0.07994041875761787,0.0188962391157662,0.10047906770195439,2,250.0,250,250,no_mask/single_class/axis_parallel/balanced/lat_lon_metres
TAC,185m,January,region_constrained,land_sea,weight,axis_parallel,balanced,row_column,250,0.04877584046164371,0.10025496235266385,0.04588161863164077,0.04781109985164274,0.37197873870585485,2.5751508762023357e-08,-2.070691225276968e-08,0.9399518141650944,0.9364496052307785,0.059517317659562814,0.02867899307760831,0.022622421595869757,0.08428462951353398,6.681213854949379e-16,0.09176323726328088,2,250.0,250,250,land_sea/weight/axis_parallel/balanced/row_column
TAC,185m,January,region_constrained,land_sea,weight,axis_parallel,balanced,lat_lon_metres,250,0.0488606398505891,0.10049539381070688,0.04588109821124815,0.047867459304142115,0.3716896969478152,2.5731548821682065e-08,-2.0699401660899804e-08,0.9397849856862829,0.9354716292728803,0.05958045694621947,0.028726077580225627,0.022622545541976055,0.08451347933393522,6.729081961141331e-16,0.09176219642249563,2,250.0,250,250,land_sea/weight/axis_parallel/balanced/lat_lon_metres
TAC,185m,January,region_constrained,land_sea,area,axis_parallel,balanced,row_column,250,0.04995643664294575,0.10168370041632363,0.046738942199207684,0.04888393849503306,0.3829812679408213,2.650429878848609e-08,-2.1140332724217252e-08,0.9439462074889374,0.9382517412982612,0.06365263617388241,0.02842816959829688,0.0238452860971471,0.08389965470245662,6.663822799920972e-16,0.09347788439841469,2,250.0,250,250,land_sea/area/axis_parallel/balanced/row_column
TAC,185m,January,region_constrained,land_sea,area,axis_parallel,balanced,lat_lon_metres,250,0.049963237301550015,0.10195111741942203,0.046738944381564694,0.048888472994888243,0.38348354736301116,2.653840421795571e-08,-2.117662075621192e-08,0.9440515447098097,0.9378650718462616,0.0636361764033115,0.028460564756627026,0.02384464134858656,0.08391156669767497,6.638193481012546e-16,0.09347788876312872,2,250.0,250,250,land_sea/area/axis_parallel/balanced/lat_lon_metres
TAC,185m,January,region_constrained,selected_countries,area,axis_parallel,count,lat_lon_metres,250,0.05029263145289498,0.10844808380936727,1.5668015305419595e-15,0.03352842096859718,0.38622297155185875,2.65977903011253e-08,-1.8385484122879742e-08,0.9155968895075248,0.9128227226587622,0.05343917307927276,0.014008527572320142,0.025274741350619745,0.10844808380936727,1.961870537489913e-15,1.1717325235940063e-15,2,250.0,250,250,selected_countries/area/axis_parallel/count/lat_lon_metres
TAC,185m,January,region_constrained,selected_countries,area,axis_parallel,count,row_column,250,0.05045476047103255,0.10855719712819012,1.5714552619318077e-15,0.03363650698068889,0.3821705904351822,2.6319569540772824e-08,-1.7975968200930328e-08,0.9129381244561974,0.9118577082366166,0.053330186091535794,0.014471798625993088,0.025459860038411178,0.10855719712819012,1.9734518786544587e-15,1.1694586452091567e-15,2,250.0,250,250,selected_countries/area/axis_parallel/count/row_column
TAC,185m,January,region_constrained,selected_countries,area,inertial,count,lat_lon_metres,250,0.051249671328529325,0.10991908473021955,1.5712129854756084e-15,0.03416644755235341,0.3854188372355683,2.654091563618182e-08,-1.8241809616148767e-08,0.9117100398506743,0.9160522489548291,0.0554106076685842,0.0160178832354852,0.02365110967982835,0.10991908473021955,1.9831727069030383e-15,1.1592532640481786e-15,2,250.0,250,250,selected_countries/area/inertial/count/lat_lon_metres
TAC,185m,January,region_constrained,selected_countries,area,inertial,count,row_column,250,0.05145097071516749,0.11078275761498624,1.581603828139739e-15,0.03430064714344552,0.3843011164203215,2.6462996627020125e-08,-1.8119541303557718e-08,0.9111660789420053,0.915893695946303,0.055735604361981786,0.014988733791090218,0.024296787092611745,0.11078275761498624,1.9973744315810926e-15,1.1658332246983854e-15,2,250.0,250,250,selected_countries/area/inertial/count/row_column
TAC,185m,January,region_constrained,selected_countries,area,inertial,balanced,row_column,250,0.05159001915616568,0.10879514896622904,1.5462284416332108e-15,0.03439334610411097,0.3952055070026991,2.7217163710855153e-08,-1.922399849954763e-08,0.9223646724639936,0.9129221024694154,0.053324273909189264,0.015583409469251545,0.028657244279992895,0.10879514896622904,1.9391004298736704e-15,1.1533564533927512e-15,2,250.0,250,250,selected_countries/area/inertial/balanced/row_column
TAC,185m,January,region_constrained,selected_countries,area,inertial,balanced,lat_lon_metres,250,0.051963328193184166,0.11065695245514093,1.5439644413854767e-15,0.03464221879545662,0.3979499927626281,2.740975299428318e-08,-1.94264693636836e-08,0.9202019071181411,0.9125573984408623,0.053031390957540864,0.016101794526496627,0.028063174833558246,0.11065695245514093,1.932707438995279e-15,1.1552214437756747e-15,2,250.0,250,250,selected_countries/area/inertial/balanced/lat_lon_metres
TAC,185m,January,region_constrained,selected_countries,area,axis_parallel,balanced,lat_lon_metres,250,0.058513281834680825,0.12496813788196268,1.2225781612015024e-15,0.03900885455645429,0.4367610202983301,3.005642743511524e-08,-2.111453200868272e-08,0.8832255795966355,0.9211597106529043,0.06253401820917864,0.015545780040073821,0.031005191207508147,0.12496813788196268,1.3478087682512771e-15,1.0973475541517272e-15,2,250.0,250,250,selected_countries/area/axis_parallel/balanced/lat_lon_metres
TAC,185m,January,region_constrained,selected_countries,area,axis_parallel,balanced,row_column,250,0.05853016307924913,0.12520594747812777,1.2229187772202216e-15,0.03902010871949983,0.4373561040374645,3.009594508691318e-08,-2.1096572232932184e-08,0.88204969646278,0.9219488846694596,0.06249378324659675,0.015353047180583442,0.031067874411688574,0.12520594747812777,1.3475868326226551e-15,1.098250721817788e-15,2,250.0,250,250,selected_countries/area/axis_parallel/balanced/row_column
TAC,185m,July,region_constrained,land_sea,weight,axis_parallel,count,row_column,250,0.017090324981532873,0.036676047059770275,0.009532130946461291,0.014570926969842347,0.04578518485065823,2.7659398699929294e-09,-7.543201308245565e-10,0.9961261279102602,0.8515252015718424,0.021716637135682636,0.005142475166637833,0.0048261405640407495,0.036676047059770275,1.3375506012563145e-16,0.01906426189292245,2,250.0,250,250,land_sea/weight/axis_parallel/count/row_column
TAC,185m,July,region_constrained,land_sea,weight,axis_parallel,count,lat_lon_metres,250,0.01726859122753419,0.033963010383427986,0.014340979343157914,0.016292720599408762,0.04377368947975395,2.6685459299169007e-09,-7.239885495300976e-10,0.9970919244497278,0.85005126204479,0.029628466810037675,0.003495130224064111,0.006591523640474394,0.02935924423556057,1.1200804386261877e-16,0.028681958686315717,2,250.0,250,250,land_sea/weight/axis_parallel/count/lat_lon_metres
TAC,185m,July,region_constrained,land_sea,area,axis_parallel,count,lat_lon_metres,250,0.020574075763535926,0.04779593585228602,0.018009656749083884,0.019719269425385245,0.05901539960571336,3.618030950759346e-09,-1.0542839147647537e-09,0.992483600981666,0.8559475151745256,0.017566924358392078,0.010388180106575601,0.006545262736890008,0.04779593585228602,1.5179420127541299e-16,0.036019313498167616,2,250.0,250,250,land_sea/area/axis_parallel/count/lat_lon_metres
TAC,185m,July,region_constrained,no_mask,single_class,inertial,count,row_column,250,0.021055176496201203,0.05329681143484904,0.022749765905001437,0.021620039632467947,0.05946494980638191,3.678855462848993e-09,2.064520741460359e-10,0.9911171255826303,0.8829481237914485,0.01612271247352528,0.004827209688728819,0.009973972387701683,0.05329681143484904,0.017874569406917597,0.027624962403085276,2,250.0,250,250,no_mask/single_class/inertial/count/row_column
TAC,185m,July,region_constrained,land_sea,area,axis_parallel,count,row_column,250,0.024105187253831307,0.052170601911123424,0.02714981498184395,0.02512006316316886,0.11556369481368416,7.261835018162515e-09,-2.8086540770497232e-09,0.9646783162347408,0.8542152115848485,0.035949081378680095,0.0077556144181838245,0.008084321380435645,0.044631731838025664,1.5377163765482136e-16,0.05429962996368776,2,250.0,250,250,land_sea/area/axis_parallel/count/row_column
TAC,185m,July,region_constrained,no_mask,single_class,inertial,balanced,lat_lon_metres,250,0.02435791101273935,0.045670224840161394,0.045306837081389606,0.0313408863689561,0.09283506051117743,5.904920512727354e-09,-1.9443540871437305e-09,0.9791582840500282,0.8813323336422734,0.045670224840161394,0.006857902668139664,0.01381243931770247,0.031091077224953866,0.023764279316906913,0.0668493948458723,2,250.0,250,250,no_mask/single_class/inertial/balanced/lat_lon_metres
TAC,185m,July,region_constrained,no_mask,single_class,inertial,count,lat_lon_metres,250,0.024884947550276874,0.059554879494559294,0.031102150535430702,0.026957348545328146,0.08388566221330356,5.2239699605918415e-09,-6.890252724844423e-10,0.985557634549169,0.8758964547676822,0.02284741466814648,0.010554706917834835,0.006582789120566887,0.059554879494559294,0.017728359078159603,0.0444759419927018,2,250.0,250,250,no_mask/single_class/inertial/count/lat_lon_metres
TAC,185m,July,region_constrained,no_mask,single_class,inertial,balanced,row_column,250,0.027182338621120537,0.05324933749883494,0.03404161628194861,0.02946876450806323,0.09100024071480424,5.6937590902205825e-09,-1.600504267591778e-09,0.9817912232983033,0.8799254713170053,0.05231349328006731,0.008732202593665635,0.013926473210503712,0.033757185400245485,0.022031475742302777,0.046051756821594445,2,250.0,250,250,no_mask/single_class/inertial/balanced/row_column
TAC,185m,July,region_constrained,selected_countries,weight,axis_parallel,count,row_column,250,0.027401026603476798,0.05297067140696249,1.5729346402805368e-16,0.018267351068984583,0.08502566136998846,5.2461471032763566e-09,-2.782567434245003e-09,0.9920957531021022,0.8591902098540865,0.03472960340657592,0.010567464221527588,0.011336367378841188,0.05297067140696249,1.278181218213057e-16,1.867688062348016e-16,2,250.0,250,250,selected_countries/weight/axis_parallel/count/row_column
TAC,185m,July,region_constrained,land_sea,weight,inertial,count,row_column,250,0.032932342440701486,0.06536100437107338,0.014876508785085054,0.026913731222162673,0.07218488022126704,4.484346991947058e-09,-8.213216790810314e-10,0.9920160258357916,0.8610823372906263,0.057343513460562455,0.005602129089391658,0.007926815914378656,0.06085691129847316,1.275778913258039e-16,0.029753017570169984,2,250.0,250,250,land_sea/weight/inertial/count/row_column
TAC,185m,July,region_constrained,no_mask,single_class,axis_parallel,count,row_column,250,0.03348498855954313,0.08917512068855296,0.034521289894350805,0.03383042233781236,0.07456395384079519,4.739609219267379e-09,-8.57266511007274e-10,0.9842924565755826,0.8744332588449453,0.023162336828749207,0.007243457844916736,0.014359038875953599,0.08917512068855296,0.02550601641039755,0.04353656337830407,2,250.0,250,250,no_mask/single_class/axis_parallel/count/row_column
TAC,185m,July,region_constrained,no_mask,single_class,axis_parallel,count,lat_lon_metres,250,0.03349359663121229,0.08917706932284675,0.03450982868988007,0.03383234065076821,0.07412000298754598,4.708652446025128e-09,-5.976227863589661e-10,0.9843440082556624,0.8743445705656622,0.023161837869962384,0.007276229519279876,0.014359249812760145,0.08917706932284675,0.02550262128933351,0.043517036090426627,2,250.0,250,250,no_mask/single_class/axis_parallel/count/lat_lon_metres
TAC,185m,July,region_constrained,land_sea,weight,inertial,balanced,row_column,250,0.0354703996732991,0.07364926577077657,0.016129662665594305,0.029023487337397503,0.12311262087732723,7.910504373669726e-09,-4.3201592395533246e-09,0.9704606166510052,0.8557539405843057,0.07364926577077657,0.009010179294126798,0.01615923766900556,0.04306291595928746,1.6044889804802229e-16,0.03225932533118845,2,250.0,250,250,land_sea/weight/inertial/balanced/row_column
TAC,185m,July,region_constrained,land_sea,area,inertial,count,row_column,250,0.03633765612563212,0.07043697737348413,0.031049091433165525,0.034574801228143257,0.12177235513775081,7.735558993819218e-09,-3.0715515327904175e-09,0.9609791059779953,0.8656071684216655,0.05540806152322399,0.012314838115593491,0.007333129780731242,0.07029459508297976,2.6670026368287068e-16,0.06209818286633078,2,250.0,250,250,land_sea/area/inertial/count/row_column
TAC,185m,July,region_constrained,land_sea,weight,inertial,balanced,lat_lon_metres,250,0.036449012071667786,0.07296344170953545,0.02364572894747092,0.03218125103026883,0.12895801150845854,8.282908869808377e-09,-4.278497050998131e-09,0.9631159753271162,0.8571050915275441,0.06689137134030175,0.013312404394313932,0.01682466839496086,0.04876760415709459,2.303106427113635e-16,0.04729145789494161,2,250.0,250,250,land_sea/weight/inertial/balanced/lat_lon_metres
TAC,185m,July,bucketbasisfunction,legacy,legacy,bucketbasisfunction,legacy,row_column,250,0.03824107247313337,0.0909742099114142,0.03569886548430342,0.037393670143523385,0.07257297955564546,4.5621787673808874e-09,7.623527564158277e-11,0.9862984073119543,0.8725245499872816,0.02124086392239957,0.014917826727110488,0.025831389331609226,0.0909742099114142,0.011190050539238612,0.060207680429368235,2,250.0,249,251,bucketbasisfunction
TAC,185m,July,quadtreebasisfunction,legacy,legacy,quadtreebasisfunction,legacy,row_column,250,0.038895800262275286,0.09426057101180658,0.04066406133626007,0.03948522062027021,0.09271559327110054,5.679369257781215e-09,-7.371895362262065e-10,0.9813694680720104,0.8776680548209999,0.019763364511841845,0.015256641208259338,0.026302624317193383,0.09426057101180658,0.02110561611422227,0.06022250655829787,2,250.0,250,250,quadtreebasisfunction
TAC,185m,July,region_constrained,selected_countries,weight,axis_parallel,count,lat_lon_metres,250,0.040537734244504596,0.08599019884732301,1.4165665112786072e-16,0.027025156163003113,0.09022651558743769,5.7133055904694965e-09,-2.816766698430793e-09,0.9901661292292057,0.8575259010508343,0.05381239111436319,0.01011309202253835,0.01223525499379383,0.08599019884732301,9.782538893758567e-17,1.8548791331813577e-16,2,250.0,250,250,selected_countries/weight/axis_parallel/count/lat_lon_metres
TAC,185m,July,region_constrained,land_sea,area,inertial,balanced,row_column,250,0.04270405711621992,0.09155241388858407,0.020404310525048625,0.03527080825249616,0.1680865823839575,1.0869546720592759e-08,-6.242570244975241e-09,0.9291417182091282,0.8563528240086068,0.0907409793853272,0.010158338954098121,0.019365070604709794,0.05055183952074458,1.7895917401844713e-16,0.04080862105009706,2,250.0,250,250,land_sea/area/inertial/balanced/row_column
TAC,185m,July,region_constrained,selected_countries,weight,inertial,count,lat_lon_metres,250,0.04510005694827805,0.10124858199173126,1.2546253263604814e-16,0.03006670463218541,0.08189543200951084,5.1283126858799245e-09,-1.7211297716548466e-09,0.9927992138783597,0.8587562109621876,0.046925225428262385,0.009704729892884394,0.022521690480234183,0.10124858199173126,1.2060724645825068e-16,1.3031781881384563e-16,2,250.0,250,250,selected_countries/weight/inertial/count/lat_lon_metres
TAC,185m,July,region_constrained,land_sea,area,inertial,balanced,lat_lon_metres,250,0.04591265864501374,0.0944699273211656,0.021047900858576586,0.03762440604953469,0.17053950380471705,1.0936475795463833e-08,-5.555399078632649e-09,0.9349572661447951,0.8570303965221903,0.09402994024498192,0.010555482235167647,0.019662526051074884,0.059402686048830505,1.170372881358606e-16,0.042095801717153054,2,250.0,250,250,land_sea/area/inertial/balanced/lat_lon_metres
TAC,185m,July,region_constrained,land_sea,weight,inertial,count,lat_lon_metres,250,0.048816731215826206,0.10784609718811053,0.02303300857863471,0.040222157003429036,0.06586667928260055,4.02039258439518e-09,-1.2600841674790898e-10,0.991812835882419,0.8538586361285201,0.06644377864486359,0.008830539653575508,0.012146509376755184,0.10784609718811053,1.763807684184359e-16,0.04606601715726925,2,250.0,250,250,land_sea/weight/inertial/count/lat_lon_metres
TAC,185m,July,region_constrained,land_sea,area,inertial,count,lat_lon_metres,250,0.04936936297647078,0.10348626960187698,0.0484397315372411,0.04905948583006089,0.07636487805623095,4.752542543344531e-09,-8.944237060790827e-10,0.9860622407048761,0.8594341188333594,0.0729122965694203,0.005572289994010656,0.015624106322081053,0.1033687590203711,1.4549736211811693e-16,0.09687946307448206,2,250.0,250,250,land_sea/area/inertial/count/lat_lon_metres
TAC,185m,July,region_constrained,land_sea,weight,axis_parallel,balanced,row_column,250,0.05121684650033354,0.1019477577521663,0.022011271109026453,0.041481654703231174,0.2487061007526508,1.4907957975169454e-08,-9.717623079638498e-09,0.9375522601539874,0.864384472336249,0.09368259099172518,0.007332692888466981,0.022428172122382226,0.08142392999875976,1.1204815183267116e-16,0.044022542218052796,2,250.0,250,250,land_sea/weight/axis_parallel/balanced/row_column
TAC,185m,July,region_constrained,land_sea,weight,axis_parallel,balanced,lat_lon_metres,250,0.05303414965090672,0.10197918566543128,0.014215638121016727,0.04009464580761005,0.2572884434744627,1.547832639654329e-08,-1.0022730268709868e-08,0.9314874058564617,0.8607269056780945,0.09366214376408141,0.012646113226226196,0.024367766863186723,0.08146057475013255,1.4117454315740343e-16,0.028431276242033312,2,250.0,250,250,land_sea/weight/axis_parallel/balanced/lat_lon_metres
TAC,185m,July,region_constrained,selected_countries,area,axis_parallel,count,row_column,250,0.05352960604232351,0.09802787154653113,7.666834984676906e-16,0.035686404028215934,0.25269641963969824,1.465960105841337e-08,-1.0974651956519303e-08,0.9633702031447444,0.8464602163338927,0.06150734948048017,0.02529320474049527,0.029289998401787504,0.09802787154653113,7.41493386565362e-16,7.918736103700192e-16,2,250.0,250,250,selected_countries/area/axis_parallel/count/row_column
TAC,185m,July,region_constrained,selected_countries,area,axis_parallel,count,lat_lon_metres,250,0.05838485185033486,0.10687434669652664,7.509768754039138e-16,0.03892323456689015,0.24655362156784416,1.4331124816437188e-08,-1.0595861928815163e-08,0.9657675043144298,0.8465624989615926,0.06859559831959224,0.02792443441707078,0.0301450279681498,0.10687434669652664,7.087036531633216e-16,7.932500976445061e-16,2,250.0,250,250,selected_countries/area/axis_parallel/count/lat_lon_metres
TAC,185m,July,region_constrained,land_sea,area,axis_parallel,balanced,row_column,250,0.06081948004409979,0.12004157165809173,0.026585628380463806,0.04940819615622113,0.2874791537941866,1.741507127079114e-08,-1.1274861091138952e-08,0.9059334719866012,0.8778902824193873,0.11505640978174347,0.006892293586652575,0.02431634455981173,0.0970128722481914,1.2022459088570889e-16,0.05317125676092749,2,250.0,250,250,land_sea/area/axis_parallel/balanced/row_column
TAC,185m,July,region_constrained,selected_countries,weight,inertial,balanced,row_column,250,0.06222099160917972,0.131453078554291,2.0685064508591956e-16,0.04148066107278654,0.15703026096566208,1.0085169968716137e-08,-5.151751630986663e-09,0.9368023606205246,0.8604545188674685,0.07731852379598177,0.015796417189648845,0.028646560379270474,0.12712246507181776,2.574875896947039e-16,1.5621370047713522e-16,2,250.0,250,250,selected_countries/weight/inertial/balanced/row_column
TAC,185m,July,region_constrained,selected_countries,weight,inertial,balanced,lat_lon_metres,250,0.0632460287436887,0.13391642608883292,2.260688851531774e-16,0.04216401916245921,0.1522528406364434,9.784480245967384e-09,-4.838382844754468e-09,0.9400451880578172,0.8610329519311499,0.07367624133996561,0.018386850956867422,0.02700459658908885,0.13391642608883292,3.0706547925033986e-16,1.450722910560149e-16,2,250.0,250,250,selected_countries/weight/inertial/balanced/lat_lon_metres
TAC,185m,July,region_constrained,selected_countries,weight,inertial,count,row_column,250,0.06477488502471992,0.1725947542422584,1.4236660188854235e-16,0.04318325668314667,0.09485735913422176,5.996866241547561e-09,-2.1561706297039853e-09,0.9849676039393517,0.8595386383246486,0.052293008750749576,0.007709007420768409,0.02650276968510333,0.1725947542422584,1.4918949078914436e-16,1.3554371298794035e-16,2,250.0,250,250,selected_countries/weight/inertial/count/row_column
TAC,185m,July,region_constrained,selected_countries,area,inertial,count,lat_lon_metres,250,0.06603483332632437,0.1281647912420521,7.81420583313313e-16,0.04402322221754984,0.2614888720345758,1.529704100418285e-08,-1.1345346505312862e-08,0.964809261039212,0.8485397053097639,0.07798791477876768,0.021642426331044677,0.036344200953433006,0.1281647912420521,7.359033583151494e-16,8.269378083114766e-16,2,250.0,250,250,selected_countries/area/inertial/count/lat_lon_metres
TAC,185m,July,region_constrained,land_sea,area,axis_parallel,balanced,lat_lon_metres,250,0.06937295275183081,0.12800576988739645,0.01936754603886532,0.05270448384750898,0.28888685900838196,1.7511221097093476e-08,-1.1203043945235509e-08,0.9029596575593297,0.8760135894045198,0.1229999125592034,0.009016896600597414,0.024542512725237012,0.12093248912228542,1.1732019662533688e-16,0.03873509207773053,2,250.0,250,250,land_sea/area/axis_parallel/balanced/lat_lon_metres
TAC,185m,July,region_constrained,selected_countries,area,axis_parallel,balanced,lat_lon_metres,250,0.07037876967787182,0.1273827804103062,8.04075055199878e-16,0.04691917978524815,0.3182432762013947,1.896905719472353e-08,-1.3551477497984497e-08,0.9450014050283826,0.8608221261257465,0.10699294801724525,0.025490898740266513,0.03923858767115047,0.10979264428282508,7.331365479426357e-16,8.750135624571202e-16,2,250.0,250,250,selected_countries/area/axis_parallel/balanced/lat_lon_metres
TAC,185m,July,region_constrained,selected_countries,area,axis_parallel,balanced,row_column,250,0.07039410010290156,0.12737570676220425,8.000474430150597e-16,0.04692940006860131,0.32015543935383084,1.907569553449059e-08,-1.3721974278499851e-08,0.9456091912954971,0.8626268089443074,0.10659989602107607,0.025587888369303945,0.039309713037967875,0.11007890298325837,7.250738052708836e-16,8.750210807592359e-16,2,250.0,250,250,selected_countries/area/axis_parallel/balanced/row_column
TAC,185m,July,region_constrained,selected_countries,area,inertial,balanced,lat_lon_metres,250,0.07119582301603324,0.12370557950220226,7.901819771275954e-16,0.04746388201068909,0.2814922355999305,1.658736437508343e-08,-1.2049901188128767e-08,0.9602413652029299,0.8471937794056917,0.09989128978957344,0.02567440245381146,0.035512020318545764,0.12370557950220226,7.79183461858571e-16,8.011804923966199e-16,2,250.0,250,250,selected_countries/area/inertial/balanced/lat_lon_metres
TAC,185m,July,region_constrained,selected_countries,area,inertial,count,row_column,250,0.07295303884635342,0.15176073020421474,7.796666300518093e-16,0.048635359230902536,0.2564103131487263,1.4973949709171088e-08,-1.1143576345339188e-08,0.9651464963656333,0.8549909790913248,0.08384508819886297,0.02269152188713496,0.033514815095201,0.15176073020421474,7.303107932595657e-16,8.29022466844053e-16,2,250.0,250,250,selected_countries/area/inertial/count/row_column
TAC,185m,July,region_constrained,selected_countries,weight,axis_parallel,balanced,row_column,250,0.07324834989125417,0.1576121832811089,1.5499325749847795e-16,0.04883223326083616,0.23057773903238343,1.444358937670403e-08,-8.289898166272788e-09,0.8911876457722501,0.8673937659216854,0.08563793984411704,0.01832176733020886,0.03142150910958191,0.1576121832811089,1.353879471796732e-16,1.745985678172827e-16,2,250.0,250,250,selected_countries/weight/axis_parallel/balanced/row_column
TAC,185m,July,region_constrained,selected_countries,weight,axis_parallel,balanced,lat_lon_metres,250,0.07337708462320854,0.15762156960899923,1.610268046858355e-16,0.04891805641547241,0.2315364637080285,1.450350295271729e-08,-8.44674964467318e-09,0.892627000697142,0.8666103794037938,0.08617018721866535,0.018256958909773812,0.03145962275539574,0.15762156960899923,1.44855493616083e-16,1.7719811575558798e-16,2,250.0,250,250,selected_countries/weight/axis_parallel/balanced/lat_lon_metres
TAC,185m,July,region_constrained,selected_countries,area,inertial,balanced,row_column,250,0.07547540534319314,0.13720029901104577,7.860620011156185e-16,0.05031693689546235,0.2891190640357767,1.7064286212885533e-08,-1.2606958577429136e-08,0.9609698353235308,0.8459513348235213,0.1028082454018613,0.02539905991619422,0.036494017043671265,0.13720029901104577,7.709047313885485e-16,8.012192708426883e-16,2,250.0,250,250,selected_countries/area/inertial/balanced/row_column
TAC,185m,July,region_constrained,no_mask,single_class,axis_parallel,balanced,lat_lon_metres,250,0.08963972084136596,0.15297369229583588,0.1943203583894326,0.12453326669072151,0.3168374579056182,1.9373181342826433e-08,-1.0842933657607584e-08,0.8099120300685754,0.8815794752155262,0.14105073701436946,0.0533803805354144,0.02727882015665,0.13684894565903002,0.04050141804087754,0.34813929873798766,2,250.0,250,250,no_mask/single_class/axis_parallel/balanced/lat_lon_metres
TAC,185m,July,region_constrained,no_mask,single_class,axis_parallel,balanced,row_column,250,0.08981324851609795,0.15310217912209756,0.19425446037146415,0.12462698580122002,0.3191929039447109,1.9519274864872923e-08,-1.1046836715629689e-08,0.8092893623133633,0.8873449616549987,0.14185775956415808,0.05339358262589413,0.027168701919266666,0.13683294995507295,0.040462470994586025,0.3480464497483423,2,250.0,250,250,no_mask/single_class/axis_parallel/balanced/row_column
