site,inlet,month,split_id,holdout_start,holdout_end,buffer_start,buffer_end,basis_training_sites,basis_train_observations,score_site_holdout_observations,basis_family,class_mode,allocation,split_step,split_mode,geometry,target_regions,actual_regions,heldout_cv_nrmse,heldout_cv_rmse,heldout_cv_bias,heldout_cv_corr
TAC,185m,January,january_06_12,2019-01-06,2019-01-12,2019-01-04,2019-01-14,"TAC,MHD",960,168,region_constrained,no_mask,single_class,axis_parallel,count,row_column,250,250,0.027178097341182986,1.8485902222129731e-09,-1.004302000335991e-10,0.9988726241166934
TAC,185m,January,january_06_12,2019-01-06,2019-01-12,2019-01-04,2019-01-14,"TAC,MHD",960,168,region_constrained,no_mask,single_class,axis_parallel,count,lat_lon_metres,250,250,0.02640124754121285,1.7957507270001568e-09,4.2991422472039624e-11,0.9989302382708735
TAC,185m,January,january_06_12,2019-01-06,2019-01-12,2019-01-04,2019-01-14,"TAC,MHD",960,168,region_constrained,no_mask,single_class,axis_parallel,balanced,row_column,250,250,0.05942875752071962,4.042204231294658e-09,-2.803876906862393e-09,0.9974118088714347
TAC,185m,January,january_06_12,2019-01-06,2019-01-12,2019-01-04,2019-01-14,"TAC,MHD",960,168,region_constrained,no_mask,single_class,axis_parallel,balanced,lat_lon_metres,250,250,0.03523789805504889,2.3967988994282386e-09,-8.621476610422481e-10,0.9986523638914138
TAC,185m,January,january_06_12,2019-01-06,2019-01-12,2019-01-04,2019-01-14,"TAC,MHD",960,168,region_constrained,no_mask,single_class,inertial,count,row_column,250,250,0.038248956424038534,2.601604003683727e-09,-1.4684625851619003e-09,0.9984696022475841
TAC,185m,January,january_06_12,2019-01-06,2019-01-12,2019-01-04,2019-01-14,"TAC,MHD",960,168,region_constrained,no_mask,single_class,inertial,count,lat_lon_metres,250,250,0.037937250964734257,2.5804025318865403e-09,-1.6101538032913707e-09,0.9986632628428005
TAC,185m,January,january_06_12,2019-01-06,2019-01-12,2019-01-04,2019-01-14,"TAC,MHD",960,168,region_constrained,no_mask,single_class,inertial,balanced,row_column,250,250,0.033854958352169284,2.3027345953468967e-09,-1.2438374207256516e-09,0.9987561633225723
TAC,185m,January,january_06_12,2019-01-06,2019-01-12,2019-01-04,2019-01-14,"TAC,MHD",960,168,region_constrained,no_mask,single_class,inertial,balanced,lat_lon_metres,250,250,0.03647983530273203,2.481272548331919e-09,-1.5833165059278283e-09,0.99878574188063
TAC,185m,January,january_06_12,2019-01-06,2019-01-12,2019-01-04,2019-01-14,"TAC,MHD",960,168,region_constrained,land_sea,weight,axis_parallel,count,row_column,250,250,0.024905363843217836,1.694004238165151e-09,-4.10534365362642e-10,0.9991342386890925
TAC,185m,January,january_06_12,2019-01-06,2019-01-12,2019-01-04,2019-01-14,"TAC,MHD",960,168,region_constrained,land_sea,weight,axis_parallel,count,lat_lon_metres,250,250,0.02616016784704385,1.779353053541993e-09,-8.291615772035948e-10,0.9992374708807792
TAC,185m,January,january_06_12,2019-01-06,2019-01-12,2019-01-04,2019-01-14,"TAC,MHD",960,168,region_constrained,land_sea,weight,axis_parallel,balanced,row_column,250,250,0.17544978729636918,1.1933681641280654e-08,-1.0029939563184896e-08,0.9923778809705269
TAC,185m,January,january_06_12,2019-01-06,2019-01-12,2019-01-04,2019-01-14,"TAC,MHD",960,168,region_constrained,land_sea,weight,axis_parallel,balanced,lat_lon_metres,250,250,0.04027346753921306,2.7393064854024206e-09,-2.016802187946467e-09,0.9991485514202131
TAC,185m,January,january_06_12,2019-01-06,2019-01-12,2019-01-04,2019-01-14,"TAC,MHD",960,168,region_constrained,land_sea,weight,inertial,count,row_column,250,250,0.025431018475629976,1.729758029224895e-09,-7.313945039638838e-10,0.9991873353553592
TAC,185m,January,january_06_12,2019-01-06,2019-01-12,2019-01-04,2019-01-14,"TAC,MHD",960,168,region_constrained,land_sea,weight,inertial,count,lat_lon_metres,250,250,0.025434055260341027,1.7299645841743951e-09,-2.169698023065178e-10,0.999022150387437
TAC,185m,January,january_06_12,2019-01-06,2019-01-12,2019-01-04,2019-01-14,"TAC,MHD",960,168,region_constrained,land_sea,weight,inertial,balanced,row_column,250,250,0.038946410206018536,2.649043168597601e-09,-1.850712223251627e-09,0.9988359185488007
TAC,185m,January,january_06_12,2019-01-06,2019-01-12,2019-01-04,2019-01-14,"TAC,MHD",960,168,region_constrained,land_sea,weight,inertial,balanced,lat_lon_metres,250,250,0.025757172744247894,1.7519422750288311e-09,-1.04626981868331e-09,0.9993764562497393
TAC,185m,January,january_06_12,2019-01-06,2019-01-12,2019-01-04,2019-01-14,"TAC,MHD",960,168,region_constrained,selected_countries,weight,axis_parallel,count,row_column,250,250,0.03261774206649948,2.2185820551693985e-09,-2.426015857959921e-10,0.9985579782727698
TAC,185m,January,january_06_12,2019-01-06,2019-01-12,2019-01-04,2019-01-14,"TAC,MHD",960,168,region_constrained,selected_countries,weight,axis_parallel,count,lat_lon_metres,250,250,0.036441834875697326,2.478687848712427e-09,-8.344067257972642e-10,0.99869110053404
TAC,185m,January,january_06_12,2019-01-06,2019-01-12,2019-01-04,2019-01-14,"TAC,MHD",960,168,region_constrained,selected_countries,weight,axis_parallel,balanced,row_column,250,250,0.10407765450461712,7.079117130710839e-09,-5.199340144105406e-09,0.9946642541845205
TAC,185m,January,january_06_12,2019-01-06,2019-01-12,2019-01-04,2019-01-14,"TAC,MHD",960,168,region_constrained,selected_countries,weight,axis_parallel,balanced,lat_lon_metres,250,250,0.10587555883315254,7.201406352082077e-09,-5.308003954871122e-09,0.9945924309673119
TAC,185m,January,january_06_12,2019-01-06,2019-01-12,2019-01-04,2019-01-14,"TAC,MHD",960,168,region_constrained,selected_countries,weight,inertial,count,row_column,250,250,0.03728761878990286,2.5362160801510635e-09,-1.1006495487844961e-09,0.998737010109326
TAC,185m,January,january_06_12,2019-01-06,2019-01-12,2019-01-04,2019-01-14,"TAC,MHD",960,168,region_constrained,selected_countries,weight,inertial,count,lat_lon_metres,250,250,0.03119371085392683,2.1217228033004706e-09,-7.607882472370071e-10,0.9988751872565588
TAC,185m,January,january_06_12,2019-01-06,2019-01-12,2019-01-04,2019-01-14,"TAC,MHD",960,168,region_constrained,selected_countries,weight,inertial,balanced,row_column,250,250,0.034769724991775774,2.364954869428436e-09,-1.5206437677628136e-09,0.9989838815665699
TAC,185m,January,january_06_12,2019-01-06,2019-01-12,2019-01-04,2019-01-14,"TAC,MHD",960,168,region_constrained,selected_countries,weight,inertial,balanced,lat_lon_metres,250,250,0.02639230557094639,1.7951425152260068e-09,-9.217003642787314e-10,0.9992733251661758
TAC,185m,January,january_06_12,2019-01-06,2019-01-12,2019-01-04,2019-01-14,"TAC,MHD",960,168,bucketbasisfunction,land_sea,legacy,bucketbasisfunction,legacy,row_column,250,250,0.02043242741486084,1.3897656285877432e-09,-1.491648353127973e-11,0.9994088877747396
TAC,185m,January,january_06_12,2019-01-06,2019-01-12,2019-01-04,2019-01-14,"TAC,MHD",960,168,quadtreebasisfunction,no_mask,legacy,quadtreebasisfunction,legacy,row_column,250,253,0.07628010675556422,5.188393349523561e-09,-2.060977311933806e-09,0.9944460312699664
MHD,10m,January,january_06_12,2019-01-06,2019-01-12,2019-01-04,2019-01-14,"TAC,MHD",960,168,region_constrained,no_mask,single_class,axis_parallel,count,row_column,250,250,0.24812656644607956,2.8670311083115093e-09,1.9927771219805014e-09,0.9412133410558603
MHD,10m,January,january_06_12,2019-01-06,2019-01-12,2019-01-04,2019-01-14,"TAC,MHD",960,168,region_constrained,no_mask,single_class,axis_parallel,count,lat_lon_metres,250,250,0.25034479535664345,2.892662105358835e-09,2.0496883229057392e-09,0.9405190069125329
MHD,10m,January,january_06_12,2019-01-06,2019-01-12,2019-01-04,2019-01-14,"TAC,MHD",960,168,region_constrained,no_mask,single_class,axis_parallel,balanced,row_column,250,250,0.20809049788518635,2.4044258513951076e-09,-1.174015124809542e-09,0.9189676968602538
MHD,10m,January,january_06_12,2019-01-06,2019-01-12,2019-01-04,2019-01-14,"TAC,MHD",960,168,region_constrained,no_mask,single_class,axis_parallel,balanced,lat_lon_metres,250,250,0.12191695843770817,1.4087153885941884e-09,-3.994857243878562e-10,0.9686150266107605
MHD,10m,January,january_06_12,2019-01-06,2019-01-12,2019-01-04,2019-01-14,"TAC,MHD",960,168,region_constrained,no_mask,single_class,inertial,count,row_column,250,250,0.20580733839392115,2.3780446001633235e-09,-4.61482102578695e-10,0.8939149543126956
MHD,10m,January,january_06_12,2019-01-06,2019-01-12,2019-01-04,2019-01-14,"TAC,MHD",960,168,region_constrained,no_mask,single_class,inertial,count,lat_lon_metres,250,250,0.25479267807775857,2.944056110886774e-09,-8.386442447484429e-10,0.8460916942158113
MHD,10m,January,january_06_12,2019-01-06,2019-01-12,2019-01-04,2019-01-14,"TAC,MHD",960,168,region_constrained,no_mask,single_class,inertial,balanced,row_column,250,250,0.1404552306965242,1.6229197925064306e-09,-4.8599367034923e-10,0.9560821805668277
MHD,10m,January,january_06_12,2019-01-06,2019-01-12,2019-01-04,2019-01-14,"TAC,MHD",960,168,region_constrained,no_mask,single_class,inertial,balanced,lat_lon_metres,250,250,0.19642751049078025,2.269663386599248e-09,-9.312436661201203e-10,0.9173490944971449
MHD,10m,January,january_06_12,2019-01-06,2019-01-12,2019-01-04,2019-01-14,"TAC,MHD",960,168,region_constrained,land_sea,weight,axis_parallel,count,row_column,250,250,0.20317765789685235,2.3476593983769814e-09,1.7668723686550806e-09,0.9742567122525024
MHD,10m,January,january_06_12,2019-01-06,2019-01-12,2019-01-04,2019-01-14,"TAC,MHD",960,168,region_constrained,land_sea,weight,axis_parallel,count,lat_lon_metres,250,250,0.20256730947001034,2.3406069978552287e-09,1.64486042155391e-09,0.9652901676220422
MHD,10m,January,january_06_12,2019-01-06,2019-01-12,2019-01-04,2019-01-14,"TAC,MHD",960,168,region_constrained,land_sea,weight,axis_parallel,balanced,row_column,250,250,0.24722609277167365,2.8566263940009264e-09,-1.6996051350180603e-09,0.9081218244257938
MHD,10m,January,january_06_12,2019-01-06,2019-01-12,2019-01-04,2019-01-14,"TAC,MHD",960,168,region_constrained,land_sea,weight,axis_parallel,balanced,lat_lon_metres,250,250,0.24754211653501906,2.8602779576905965e-09,-1.6621529650674547e-09,0.902823955598369
MHD,10m,January,january_06_12,2019-01-06,2019-01-12,2019-01-04,2019-01-14,"TAC,MHD",960,168,region_constrained,land_sea,weight,inertial,count,row_column,250,250,0.13591784651807598,1.5704916233817091e-09,-1.2604264001526744e-10,0.954577791655988
MHD,10m,January,january_06_12,2019-01-06,2019-01-12,2019-01-04,2019-01-14,"TAC,MHD",960,168,region_constrained,land_sea,weight,inertial,count,lat_lon_metres,250,250,0.20979548391918634,2.4241264746243294e-09,1.8636418624941406e-09,0.9653287760811063
MHD,10m,January,january_06_12,2019-01-06,2019-01-12,2019-01-04,2019-01-14,"TAC,MHD",960,168,region_constrained,land_sea,weight,inertial,balanced,row_column,250,250,0.16374086368006363,1.8919785841414644e-09,-8.666754622968806e-10,0.9487287772520602
MHD,10m,January,january_06_12,2019-01-06,2019-01-12,2019-01-04,2019-01-14,"TAC,MHD",960,168,region_constrained,land_sea,weight,inertial,balanced,lat_lon_metres,250,250,0.14764685082055568,1.7060168945623604e-09,1.021325867770211e-09,0.9648523575876976
MHD,10m,January,january_06_12,2019-01-06,2019-01-12,2019-01-04,2019-01-14,"TAC,MHD",960,168,region_constrained,selected_countries,weight,axis_parallel,count,row_column,250,250,0.2765896225341323,3.1959135347718616e-09,2.536499977860063e-09,0.9711511457659582
MHD,10m,January,january_06_12,2019-01-06,2019-01-12,2019-01-04,2019-01-14,"TAC,MHD",960,168,region_constrained,selected_countries,weight,axis_parallel,count,lat_lon_metres,250,250,0.2423825028544804,2.8006601056369e-09,2.088527624413681e-09,0.9637527262634225
MHD,10m,January,january_06_12,2019-01-06,2019-01-12,2019-01-04,2019-01-14,"TAC,MHD",960,168,region_constrained,selected_countries,weight,axis_parallel,balanced,row_column,250,250,0.12839819504373753,1.4836042134224299e-09,1.1889929502870538e-10,0.9599490373201583
MHD,10m,January,january_06_12,2019-01-06,2019-01-12,2019-01-04,2019-01-14,"TAC,MHD",960,168,region_constrained,selected_countries,weight,axis_parallel,balanced,lat_lon_metres,250,250,0.1284614220250768,1.4843347830062543e-09,9.284102617934674e-11,0.9597094702121501
MHD,10m,January,january_06_12,2019-01-06,2019-01-12,2019-01-04,2019-01-14,"TAC,MHD",960,168,region_constrained,selected_countries,weight,inertial,count,row_column,250,250,0.16019120343071153,1.850963280925068e-09,3.83114248376178e-10,0.9396190397493368
MHD,10m,January,january_06_12,2019-01-06,2019-01-12,2019-01-04,2019-01-14,"TAC,MHD",960,168,region_constrained,selected_countries,weight,inertial,count,lat_lon_metres,250,250,0.17287347353693108,1.9975032642865114e-09,1.080922379377847e-09,0.950832351389857
MHD,10m,January,january_06_12,2019-01-06,2019-01-12,2019-01-04,2019-01-14,"TAC,MHD",960,168,region_constrained,selected_countries,weight,inertial,balanced,row_column,250,250,0.14252552593457787,1.646841458517067e-09,-4.785334503615143e-10,0.9532174722369857
MHD,10m,January,january_06_12,2019-01-06,2019-01-12,2019-01-04,2019-01-14,"TAC,MHD",960,168,region_constrained,selected_countries,weight,inertial,balanced,lat_lon_metres,250,250,0.15421416659926895,1.7819003394725918e-09,1.3353248528088816e-09,0.9742297828529952
MHD,10m,January,january_06_12,2019-01-06,2019-01-12,2019-01-04,2019-01-14,"TAC,MHD",960,168,bucketbasisfunction,land_sea,legacy,bucketbasisfunction,legacy,row_column,250,250,0.43265205975669324,4.999170109690963e-09,4.328726819086297e-09,0.9750467906241495
MHD,10m,January,january_06_12,2019-01-06,2019-01-12,2019-01-04,2019-01-14,"TAC,MHD",960,168,quadtreebasisfunction,no_mask,legacy,quadtreebasisfunction,legacy,row_column,250,253,0.4688822333524457,5.417799344949096e-09,4.573412823727616e-09,0.9492146021339156
TAC,185m,January,january_13_19,2019-01-13,2019-01-19,2019-01-11,2019-01-21,"TAC,MHD",960,168,region_constrained,no_mask,single_class,axis_parallel,count,row_column,250,250,0.06462842575424334,2.6790277989711657e-09,-8.127180761484442e-10,0.9845767449734999
TAC,185m,January,january_13_19,2019-01-13,2019-01-19,2019-01-11,2019-01-21,"TAC,MHD",960,168,region_constrained,no_mask,single_class,axis_parallel,count,lat_lon_metres,250,250,0.06303569740184368,2.61300478382743e-09,-6.248354816831993e-10,0.9845606485223831
TAC,185m,January,january_13_19,2019-01-13,2019-01-19,2019-01-11,2019-01-21,"TAC,MHD",960,168,region_constrained,no_mask,single_class,axis_parallel,balanced,row_column,250,250,0.10193781391908067,4.225605591787701e-09,-1.3163412255371452e-09,0.9586852180054228
TAC,185m,January,january_13_19,2019-01-13,2019-01-19,2019-01-11,2019-01-21,"TAC,MHD",960,168,region_constrained,no_mask,single_class,axis_parallel,balanced,lat_lon_metres,250,250,0.10102271566012454,4.18767222661715e-09,-1.0802961986144538e-09,0.9582038555064317
TAC,185m,January,january_13_19,2019-01-13,2019-01-19,2019-01-11,2019-01-21,"TAC,MHD",960,168,region_constrained,no_mask,single_class,inertial,count,row_column,250,250,0.10520540515164434,4.361056326438123e-09,-4.888503921686792e-10,0.9507284438010694
TAC,185m,January,january_13_19,2019-01-13,2019-01-19,2019-01-11,2019-01-21,"TAC,MHD",960,168,region_constrained,no_mask,single_class,inertial,count,lat_lon_metres,250,250,0.10049644983099788,4.165857045921891e-09,-9.686550053382515e-10,0.9571561036360837
TAC,185m,January,january_13_19,2019-01-13,2019-01-19,2019-01-11,2019-01-21,"TAC,MHD",960,168,region_constrained,no_mask,single_class,inertial,balanced,row_column,250,250,0.07011595808703676,2.906501259692765e-09,-8.077048353995898e-10,0.9805105421361638
TAC,185m,January,january_13_19,2019-01-13,2019-01-19,2019-01-11,2019-01-21,"TAC,MHD",960,168,region_constrained,no_mask,single_class,inertial,balanced,lat_lon_metres,250,250,0.05542879400440939,2.2976775044146765e-09,-2.798042971385862e-10,0.9869433896135081
TAC,185m,January,january_13_19,2019-01-13,2019-01-19,2019-01-11,2019-01-21,"TAC,MHD",960,168,region_constrained,land_sea,weight,axis_parallel,count,row_column,250,250,0.05695370271909093,2.3608892071576756e-09,-3.176605621354465e-10,0.9859120408062927
TAC,185m,January,january_13_19,2019-01-13,2019-01-19,2019-01-11,2019-01-21,"TAC,MHD",960,168,region_constrained,land_sea,weight,axis_parallel,count,lat_lon_metres,250,250,0.05608647278380838,2.324940116991738e-09,-7.469695328350776e-10,0.9878044052995169
TAC,185m,January,january_13_19,2019-01-13,2019-01-19,2019-01-11,2019-01-21,"TAC,MHD",960,168,region_constrained,land_sea,weight,axis_parallel,balanced,row_column,250,250,0.06647199224333258,2.755448751762167e-09,-1.0517920978919277e-09,0.9832189736129701
TAC,185m,January,january_13_19,2019-01-13,2019-01-19,2019-01-11,2019-01-21,"TAC,MHD",960,168,region_constrained,land_sea,weight,axis_parallel,balanced,lat_lon_metres,250,250,0.0669923435028302,2.7770187571143745e-09,-1.066008771333645e-09,0.9829865156706741
TAC,185m,January,january_13_19,2019-01-13,2019-01-19,2019-01-11,2019-01-21,"TAC,MHD",960,168,region_constrained,land_sea,weight,inertial,count,row_column,250,250,0.04276896395780063,1.7728923772929864e-09,1.3047568937521599e-10,0.9919513878514566
TAC,185m,January,january_13_19,2019-01-13,2019-01-19,2019-01-11,2019-01-21,"TAC,MHD",960,168,region_constrained,land_sea,weight,inertial,count,lat_lon_metres,250,250,0.06634758765444673,2.7502918359305464e-09,-3.805731652334231e-10,0.9809054823643707
TAC,185m,January,january_13_19,2019-01-13,2019-01-19,2019-01-11,2019-01-21,"TAC,MHD",960,168,region_constrained,land_sea,weight,inertial,balanced,row_column,250,250,0.06620698102892365,2.7444633006676225e-09,-3.063768270817125e-10,0.9810041234439731
TAC,185m,January,january_13_19,2019-01-13,2019-01-19,2019-01-11,2019-01-21,"TAC,MHD",960,168,region_constrained,land_sea,weight,inertial,balanced,lat_lon_metres,250,250,0.07264915300811065,3.011509226923406e-09,-9.059459577090376e-10,0.979172719998999
TAC,185m,January,january_13_19,2019-01-13,2019-01-19,2019-01-11,2019-01-21,"TAC,MHD",960,168,region_constrained,selected_countries,weight,axis_parallel,count,row_column,250,250,0.09622474056706667,3.988782829218679e-09,-1.638965631439397e-09,0.9655394639661483
TAC,185m,January,january_13_19,2019-01-13,2019-01-19,2019-01-11,2019-01-21,"TAC,MHD",960,168,region_constrained,selected_countries,weight,axis_parallel,count,lat_lon_metres,250,250,0.08747044710866103,3.6258930440860076e-09,-1.4842148080281848e-09,0.9717210834830439
TAC,185m,January,january_13_19,2019-01-13,2019-01-19,2019-01-11,2019-01-21,"TAC,MHD",960,168,region_constrained,selected_countries,weight,axis_parallel,balanced,row_column,250,250,0.1128041025700673,4.676043445222909e-09,-2.2024165746172078e-09,0.9567816746103041
TAC,185m,January,january_13_19,2019-01-13,2019-01-19,2019-01-11,2019-01-21,"TAC,MHD",960,168,region_constrained,selected_countries,weight,axis_parallel,balanced,lat_lon_metres,250,250,0.14271394602517024,5.9158895523182136e-09,-3.9496025959425224e-09,0.9510680679005719
TAC,185m,January,january_13_19,2019-01-13,2019-01-19,2019-01-11,2019-01-21,"TAC,MHD",960,168,region_constrained,selected_countries,weight,inertial,count,row_column,250,250,0.10196254581093832,4.226630797415636e-09,-1.1770126955934446e-09,0.9569501467014226
TAC,185m,January,january_13_19,2019-01-13,2019-01-19,2019-01-11,2019-01-21,"TAC,MHD",960,168,region_constrained,selected_countries,weight,inertial,count,lat_lon_metres,250,250,0.10879349598109131,4.509792659795134e-09,-2.1253579575159107e-09,0.9600961478215677
TAC,185m,January,january_13_19,2019-01-13,2019-01-19,2019-01-11,2019-01-21,"TAC,MHD",960,168,region_constrained,selected_countries,weight,inertial,balanced,row_column,250,250,0.07351616272777448,3.047449188540142e-09,-6.268399237647091e-10,0.977493595210233
TAC,185m,January,january_13_19,2019-01-13,2019-01-19,2019-01-11,2019-01-21,"TAC,MHD",960,168,region_constrained,selected_countries,weight,inertial,balanced,lat_lon_metres,250,250,0.07364257909872236,3.052689498327391e-09,-4.972308064401838e-10,0.9767323548495622
TAC,185m,January,january_13_19,2019-01-13,2019-01-19,2019-01-11,2019-01-21,"TAC,MHD",960,168,bucketbasisfunction,land_sea,legacy,bucketbasisfunction,legacy,row_column,250,251,0.06283029435864136,2.6044902570335267e-09,-2.1527965682020387e-10,0.9825723579994072
TAC,185m,January,january_13_19,2019-01-13,2019-01-19,2019-01-11,2019-01-21,"TAC,MHD",960,168,quadtreebasisfunction,no_mask,legacy,quadtreebasisfunction,legacy,row_column,250,250,0.12997552921803113,5.3878467856418725e-09,-1.9341641905381775e-09,0.9329533640227606
MHD,10m,January,january_13_19,2019-01-13,2019-01-19,2019-01-11,2019-01-21,"TAC,MHD",960,168,region_constrained,no_mask,single_class,axis_parallel,count,row_column,250,250,0.10801975385631275,5.649195181875873e-10,-1.5668784411282312e-10,0.9738333148309664
MHD,10m,January,january_13_19,2019-01-13,2019-01-19,2019-01-11,2019-01-21,"TAC,MHD",960,168,region_constrained,no_mask,single_class,axis_parallel,count,lat_lon_metres,250,250,0.10071083241482923,5.266954690503701e-10,1.849093515573807e-11,0.9750154118066364
MHD,10m,January,january_13_19,2019-01-13,2019-01-19,2019-01-11,2019-01-21,"TAC,MHD",960,168,region_constrained,no_mask,single_class,axis_parallel,balanced,row_column,250,250,0.22080869185606045,1.1547808188943326e-09,-2.415900424842556e-10,0.8876829865436642
MHD,10m,January,january_13_19,2019-01-13,2019-01-19,2019-01-11,2019-01-21,"TAC,MHD",960,168,region_constrained,no_mask,single_class,axis_parallel,balanced,lat_lon_metres,250,250,0.22230296870095242,1.1625955576353423e-09,-2.706578824238993e-10,0.8874813866938605
MHD,10m,January,january_13_19,2019-01-13,2019-01-19,2019-01-11,2019-01-21,"TAC,MHD",960,168,region_constrained,no_mask,single_class,inertial,count,row_column,250,250,0.24587003446527378,1.2858461202535939e-09,1.6560181588756055e-10,0.849302959098004
MHD,10m,January,january_13_19,2019-01-13,2019-01-19,2019-01-11,2019-01-21,"TAC,MHD",960,168,region_constrained,no_mask,single_class,inertial,count,lat_lon_metres,250,250,0.20247243407598434,1.0588862297966494e-09,2.4889422080076557e-10,0.9250544704765501
MHD,10m,January,january_13_19,2019-01-13,2019-01-19,2019-01-11,2019-01-21,"TAC,MHD",960,168,region_constrained,no_mask,single_class,inertial,balanced,row_column,250,250,0.21776002481139156,1.1388369618079737e-09,2.043399123552663e-10,0.881091244926268
MHD,10m,January,january_13_19,2019-01-13,2019-01-19,2019-01-11,2019-01-21,"TAC,MHD",960,168,region_constrained,no_mask,single_class,inertial,balanced,lat_lon_metres,250,250,0.20796406855865926,1.0876062684494107e-09,2.4000105895523647e-10,0.8934812817359454
MHD,10m,January,january_13_19,2019-01-13,2019-01-19,2019-01-11,2019-01-21,"TAC,MHD",960,168,region_constrained,land_sea,weight,axis_parallel,count,row_column,250,250,0.20565834881945125,1.0755478621149394e-09,5.157603030821723e-10,0.9185196637458165
MHD,10m,January,january_13_19,2019-01-13,2019-01-19,2019-01-11,2019-01-21,"TAC,MHD",960,168,region_constrained,land_sea,weight,axis_parallel,count,lat_lon_metres,250,250,0.2453113616709529,1.2829243846031677e-09,5.495588324232198e-10,0.8716425518688902
MHD,10m,January,january_13_19,2019-01-13,2019-01-19,2019-01-11,2019-01-21,"TAC,MHD",960,168,region_constrained,land_sea,weight,axis_parallel,balanced,row_column,250,250,0.20849082113187867,1.09036106837483e-09,-1.8839974750677665e-10,0.8920419819365187
MHD,10m,January,january_13_19,2019-01-13,2019-01-19,2019-01-11,2019-01-21,"TAC,MHD",960,168,region_constrained,land_sea,weight,axis_parallel,balanced,lat_lon_metres,250,250,0.21117036910090814,1.1043745140047674e-09,-2.2270046582855362e-10,0.8902571986283933
MHD,10m,January,january_13_19,2019-01-13,2019-01-19,2019-01-11,2019-01-21,"TAC,MHD",960,168,region_constrained,land_sea,weight,inertial,count,row_column,250,250,0.2114717863127276,1.1059508596267079e-09,8.2100438541174e-10,0.9496409342882606
MHD,10m,January,january_13_19,2019-01-13,2019-01-19,2019-01-11,2019-01-21,"TAC,MHD",960,168,region_constrained,land_sea,weight,inertial,count,lat_lon_metres,250,250,0.135688933588905,7.096232332504251e-10,1.8744705872956364e-10,0.9603040346255494
MHD,10m,January,january_13_19,2019-01-13,2019-01-19,2019-01-11,2019-01-21,"TAC,MHD",960,168,region_constrained,land_sea,weight,inertial,balanced,row_column,250,250,0.17960953725074083,9.393183156161611e-10,4.464119146229817e-10,0.9394984996290014
MHD,10m,January,january_13_19,2019-01-13,2019-01-19,2019-01-11,2019-01-21,"TAC,MHD",960,168,region_constrained,land_sea,weight,inertial,balanced,lat_lon_metres,250,250,0.13151759397907448,6.878080459494356e-10,1.5517270512444823e-10,0.9639263788629816
MHD,10m,January,january_13_19,2019-01-13,2019-01-19,2019-01-11,2019-01-21,"TAC,MHD",960,168,region_constrained,selected_countries,weight,axis_parallel,count,row_column,250,250,0.24481377340634464,1.2803221075875005e-09,5.579292923643156e-10,0.872859477393059
MHD,10m,January,january_13_19,2019-01-13,2019-01-19,2019-01-11,2019-01-21,"TAC,MHD",960,168,region_constrained,selected_countries,weight,axis_parallel,count,lat_lon_metres,250,250,0.21922222694828267,1.1464839568915227e-09,5.776442318026327e-10,0.9112835542891572
MHD,10m,January,january_13_19,2019-01-13,2019-01-19,2019-01-11,2019-01-21,"TAC,MHD",960,168,region_constrained,selected_countries,weight,axis_parallel,balanced,row_column,250,250,0.3219646246474534,1.6838040648678752e-09,-3.6970041946180257e-10,0.7193438499211492
MHD,10m,January,january_13_19,2019-01-13,2019-01-19,2019-01-11,2019-01-21,"TAC,MHD",960,168,region_constrained,selected_countries,weight,axis_parallel,balanced,lat_lon_metres,250,250,0.324166355469325,1.6953186320712495e-09,-4.20978002670806e-10,0.7191975456786369
MHD,10m,January,january_13_19,2019-01-13,2019-01-19,2019-01-11,2019-01-21,"TAC,MHD",960,168,region_constrained,selected_countries,weight,inertial,count,row_column,250,250,0.2097464479231627,1.0969277199050598e-09,7.134733169020426e-10,0.9357684924494567
MHD,10m,January,january_13_19,2019-01-13,2019-01-19,2019-01-11,2019-01-21,"TAC,MHD",960,168,region_constrained,selected_countries,weight,inertial,count,lat_lon_metres,250,250,0.191143588527501,9.996388630845951e-10,-2.216384129217724e-11,0.9159761103228716
MHD,10m,January,january_13_19,2019-01-13,2019-01-19,2019-01-11,2019-01-21,"TAC,MHD",960,168,region_constrained,selected_countries,weight,inertial,balanced,row_column,250,250,0.13929121349738688,7.284623636652505e-10,2.481533331401162e-10,0.957490889983492
MHD,10m,January,january_13_19,2019-01-13,2019-01-19,2019-01-11,2019-01-21,"TAC,MHD",960,168,region_constrained,selected_countries,weight,inertial,balanced,lat_lon_metres,250,250,0.11358596427032677,5.940295725337421e-10,7.50508800506913e-11,0.9689821152499885
MHD,10m,January,january_13_19,2019-01-13,2019-01-19,2019-01-11,2019-01-21,"TAC,MHD",960,168,bucketbasisfunction,land_sea,legacy,bucketbasisfunction,legacy,row_column,250,251,0.13047062858386924,6.823326475569789e-10,2.316238305355528e-10,0.9626457388666074
MHD,10m,January,january_13_19,2019-01-13,2019-01-19,2019-01-11,2019-01-21,"TAC,MHD",960,168,quadtreebasisfunction,no_mask,legacy,quadtreebasisfunction,legacy,row_column,250,250,0.12398059251110394,6.483911885149264e-10,2.1718163215144628e-10,0.9662442567392714
TAC,185m,January,january_20_26,2019-01-20,2019-01-26,2019-01-18,2019-01-28,"TAC,MHD",960,168,region_constrained,no_mask,single_class,axis_parallel,count,row_column,250,250,0.07919565992944869,5.5366134386794355e-09,-1.8832521318987065e-09,0.9857063039348903
TAC,185m,January,january_20_26,2019-01-20,2019-01-26,2019-01-18,2019-01-28,"TAC,MHD",960,168,region_constrained,no_mask,single_class,axis_parallel,count,lat_lon_metres,250,250,0.07863916834170917,5.497708796607692e-09,-1.8000455602924742e-09,0.9857745230014808
TAC,185m,January,january_20_26,2019-01-20,2019-01-26,2019-01-18,2019-01-28,"TAC,MHD",960,168,region_constrained,no_mask,single_class,axis_parallel,balanced,row_column,250,250,0.3541635144624348,2.475977187903339e-08,-2.0467466023150407e-08,0.8986310379741326
TAC,185m,January,january_20_26,2019-01-20,2019-01-26,2019-01-18,2019-01-28,"TAC,MHD",960,168,region_constrained,no_mask,single_class,axis_parallel,balanced,lat_lon_metres,250,250,0.35388197967263835,2.4740089622429536e-08,-2.0451941890612526e-08,0.8988742921909495
TAC,185m,January,january_20_26,2019-01-20,2019-01-26,2019-01-18,2019-01-28,"TAC,MHD",960,168,region_constrained,no_mask,single_class,inertial,count,row_column,250,250,0.08010283982074934,5.600034898667892e-09,-1.930171849987661e-09,0.9854892986011761
TAC,185m,January,january_20_26,2019-01-20,2019-01-26,2019-01-18,2019-01-28,"TAC,MHD",960,168,region_constrained,no_mask,single_class,inertial,count,lat_lon_metres,250,250,0.03887976679307731,2.718106516329812e-09,-1.4187080185766474e-09,0.997260205046106
TAC,185m,January,january_20_26,2019-01-20,2019-01-26,2019-01-18,2019-01-28,"TAC,MHD",960,168,region_constrained,no_mask,single_class,inertial,balanced,row_column,250,250,0.0995770861586704,6.961490489526533e-09,-2.963902635922747e-09,0.9790737816211855
TAC,185m,January,january_20_26,2019-01-20,2019-01-26,2019-01-18,2019-01-28,"TAC,MHD",960,168,region_constrained,no_mask,single_class,inertial,balanced,lat_lon_metres,250,250,0.109041751398019,7.623170596788243e-09,-2.894730913602403e-09,0.9738353678151808
TAC,185m,January,january_20_26,2019-01-20,2019-01-26,2019-01-18,2019-01-28,"TAC,MHD",960,168,region_constrained,land_sea,weight,axis_parallel,count,row_column,250,250,0.029547915635012214,2.065711516710808e-09,5.25650112289968e-11,0.9977699518605931
TAC,185m,January,january_20_26,2019-01-20,2019-01-26,2019-01-18,2019-01-28,"TAC,MHD",960,168,region_constrained,land_sea,weight,axis_parallel,count,lat_lon_metres,250,250,0.02215939846314031,1.5491760966872614e-09,-7.220197734753626e-10,0.9990419682828463
TAC,185m,January,january_20_26,2019-01-20,2019-01-26,2019-01-18,2019-01-28,"TAC,MHD",960,168,region_constrained,land_sea,weight,axis_parallel,balanced,row_column,250,250,0.3584396437374234,2.5058718498463334e-08,-2.0301634870010914e-08,0.8823499474428915
TAC,185m,January,january_20_26,2019-01-20,2019-01-26,2019-01-18,2019-01-28,"TAC,MHD",960,168,region_constrained,land_sea,weight,axis_parallel,balanced,lat_lon_metres,250,250,0.3579857700266177,2.5026987930286385e-08,-2.027116086791832e-08,0.8825229773826816
TAC,185m,January,january_20_26,2019-01-20,2019-01-26,2019-01-18,2019-01-28,"TAC,MHD",960,168,region_constrained,land_sea,weight,inertial,count,row_column,250,250,0.03020848418500648,2.1118922381584903e-09,-5.33715324540829e-10,0.9978119082927066
TAC,185m,January,january_20_26,2019-01-20,2019-01-26,2019-01-18,2019-01-28,"TAC,MHD",960,168,region_constrained,land_sea,weight,inertial,count,lat_lon_metres,250,250,0.03340687430980479,2.3354935032135864e-09,-3.493081818651274e-10,0.9972109434015787
TAC,185m,January,january_20_26,2019-01-20,2019-01-26,2019-01-18,2019-01-28,"TAC,MHD",960,168,region_constrained,land_sea,weight,inertial,balanced,row_column,250,250,0.1299836926298176,9.087233568917053e-09,-3.608377914884515e-09,0.9637040206879864
TAC,185m,January,january_20_26,2019-01-20,2019-01-26,2019-01-18,2019-01-28,"TAC,MHD",960,168,region_constrained,land_sea,weight,inertial,balanced,lat_lon_metres,250,250,0.11946645471457266,8.351967509751588e-09,-2.9607047043984524e-09,0.9682269372701411
TAC,185m,January,january_20_26,2019-01-20,2019-01-26,2019-01-18,2019-01-28,"TAC,MHD",960,168,region_constrained,selected_countries,weight,axis_parallel,count,row_column,250,250,0.10582242576483077,7.398105718484636e-09,-3.665779669775173e-09,0.9781310075960943
TAC,185m,January,january_20_26,2019-01-20,2019-01-26,2019-01-18,2019-01-28,"TAC,MHD",960,168,region_constrained,selected_countries,weight,axis_parallel,count,lat_lon_metres,250,250,0.03945804378280138,2.7585341881926085e-09,-1.3017902066470393e-09,0.99713430496467
TAC,185m,January,january_20_26,2019-01-20,2019-01-26,2019-01-18,2019-01-28,"TAC,MHD",960,168,region_constrained,selected_countries,weight,axis_parallel,balanced,row_column,250,250,0.0899014183095375,6.285059070312008e-09,-2.8894150258798714e-09,0.9838754413826071
TAC,185m,January,january_20_26,2019-01-20,2019-01-26,2019-01-18,2019-01-28,"TAC,MHD",960,168,region_constrained,selected_countries,weight,axis_parallel,balanced,lat_lon_metres,250,250,0.10427731068440418,7.290085848125364e-09,-4.741508759237253e-09,0.9847678311360762
TAC,185m,January,january_20_26,2019-01-20,2019-01-26,2019-01-18,2019-01-28,"TAC,MHD",960,168,region_constrained,selected_countries,weight,inertial,count,row_column,250,250,0.03720947642906087,2.6013355710008823e-09,-9.840277318583748e-10,0.9969643033392621
TAC,185m,January,january_20_26,2019-01-20,2019-01-26,2019-01-18,2019-01-28,"TAC,MHD",960,168,region_constrained,selected_countries,weight,inertial,count,lat_lon_metres,250,250,0.039496555339359744,2.7612265529228916e-09,-9.023254088230101e-10,0.9964604943725129
TAC,185m,January,january_20_26,2019-01-20,2019-01-26,2019-01-18,2019-01-28,"TAC,MHD",960,168,region_constrained,selected_countries,weight,inertial,balanced,row_column,250,250,0.10072111806227202,7.041470407837731e-09,-3.204501912941772e-09,0.9792496336770846
TAC,185m,January,january_20_26,2019-01-20,2019-01-26,2019-01-18,2019-01-28,"TAC,MHD",960,168,region_constrained,selected_countries,weight,inertial,balanced,lat_lon_metres,250,250,0.0992145672136662,6.936146584766168e-09,-3.256029025219777e-09,0.9801769717288142
TAC,185m,January,january_20_26,2019-01-20,2019-01-26,2019-01-18,2019-01-28,"TAC,MHD",960,168,bucketbasisfunction,land_sea,legacy,bucketbasisfunction,legacy,row_column,250,249,0.05717545039320726,3.99716811870229e-09,-1.5595626026897677e-09,0.9928905079189
TAC,185m,January,january_20_26,2019-01-20,2019-01-26,2019-01-18,2019-01-28,"TAC,MHD",960,168,quadtreebasisfunction,no_mask,legacy,quadtreebasisfunction,legacy,row_column,250,250,0.1202455327399049,8.406433295738812e-09,-5.094338721977585e-09,0.9766785441567443
MHD,10m,January,january_20_26,2019-01-20,2019-01-26,2019-01-18,2019-01-28,"TAC,MHD",960,168,region_constrained,no_mask,single_class,axis_parallel,count,row_column,250,250,0.12550660763560334,3.5886466775507365e-10,1.491125613870826e-10,0.9695954993544547
MHD,10m,January,january_20_26,2019-01-20,2019-01-26,2019-01-18,2019-01-28,"TAC,MHD",960,168,region_constrained,no_mask,single_class,axis_parallel,count,lat_lon_metres,250,250,0.1453165919522478,4.1550792801007515e-10,2.320926933728308e-10,0.9638626686071174
MHD,10m,January,january_20_26,2019-01-20,2019-01-26,2019-01-18,2019-01-28,"TAC,MHD",960,168,region_constrained,no_mask,single_class,axis_parallel,balanced,row_column,250,250,0.21964718764483093,6.280435468892247e-10,1.554475254738191e-10,0.879822006083119
MHD,10m,January,january_20_26,2019-01-20,2019-01-26,2019-01-18,2019-01-28,"TAC,MHD",960,168,region_constrained,no_mask,single_class,axis_parallel,balanced,lat_lon_metres,250,250,0.21608966264360502,6.178714129143985e-10,1.4127819428891613e-10,0.8825466317220828
MHD,10m,January,january_20_26,2019-01-20,2019-01-26,2019-01-18,2019-01-28,"TAC,MHD",960,168,region_constrained,no_mask,single_class,inertial,count,row_column,250,250,0.1822270404759034,5.210470394215676e-10,1.3743877554803175e-10,0.9197205746907979
MHD,10m,January,january_20_26,2019-01-20,2019-01-26,2019-01-18,2019-01-28,"TAC,MHD",960,168,region_constrained,no_mask,single_class,inertial,count,lat_lon_metres,250,250,0.1482128878124867,4.237893904062445e-10,2.725463659211196e-10,0.9672701174153404
MHD,10m,January,january_20_26,2019-01-20,2019-01-26,2019-01-18,2019-01-28,"TAC,MHD",960,168,region_constrained,no_mask,single_class,inertial,balanced,row_column,250,250,0.26967072884464593,7.710773028865573e-10,5.119016849757858e-10,0.8926272425986367
MHD,10m,January,january_20_26,2019-01-20,2019-01-26,2019-01-18,2019-01-28,"TAC,MHD",960,168,region_constrained,no_mask,single_class,inertial,balanced,lat_lon_metres,250,250,0.2475074904066247,7.077053151619787e-10,4.3839087241851545e-10,0.901820634986054
MHD,10m,January,january_20_26,2019-01-20,2019-01-26,2019-01-18,2019-01-28,"TAC,MHD",960,168,region_constrained,land_sea,weight,axis_parallel,count,row_column,250,250,0.41378841510613,1.1831571652314782e-09,9.599143695626126e-10,0.8818481016497517
MHD,10m,January,january_20_26,2019-01-20,2019-01-26,2019-01-18,2019-01-28,"TAC,MHD",960,168,region_constrained,land_sea,weight,axis_parallel,count,lat_lon_metres,250,250,0.37704707756455147,1.078101597734845e-09,8.609121186088759e-10,0.8942296292121643
MHD,10m,January,january_20_26,2019-01-20,2019-01-26,2019-01-18,2019-01-28,"TAC,MHD",960,168,region_constrained,land_sea,weight,axis_parallel,balanced,row_column,250,250,0.2033327207048817,5.813951204174923e-10,4.09886658924931e-10,0.9468828691902434
MHD,10m,January,january_20_26,2019-01-20,2019-01-26,2019-01-18,2019-01-28,"TAC,MHD",960,168,region_constrained,land_sea,weight,axis_parallel,balanced,lat_lon_metres,250,250,0.20472813105942683,5.853850575427132e-10,4.1445598334169016e-10,0.9465605219856774
MHD,10m,January,january_20_26,2019-01-20,2019-01-26,2019-01-18,2019-01-28,"TAC,MHD",960,168,region_constrained,land_sea,weight,inertial,count,row_column,250,250,0.2400645444298203,6.864234847834547e-10,4.69025642919191e-10,0.9519483275153153
MHD,10m,January,january_20_26,2019-01-20,2019-01-26,2019-01-18,2019-01-28,"TAC,MHD",960,168,region_constrained,land_sea,weight,inertial,count,lat_lon_metres,250,250,0.29672879828131515,8.484452222448482e-10,6.7683518681392e-10,0.9594391250159732
MHD,10m,January,january_20_26,2019-01-20,2019-01-26,2019-01-18,2019-01-28,"TAC,MHD",960,168,region_constrained,land_sea,weight,inertial,balanced,row_column,250,250,0.1473906630888785,4.214383795087595e-10,6.697990607521973e-11,0.9458122396688545
MHD,10m,January,january_20_26,2019-01-20,2019-01-26,2019-01-18,2019-01-28,"TAC,MHD",960,168,region_constrained,land_sea,weight,inertial,balanced,lat_lon_metres,250,250,0.19052388957411495,5.447704596552529e-10,3.2791574663618896e-10,0.940318386270213
MHD,10m,January,january_20_26,2019-01-20,2019-01-26,2019-01-18,2019-01-28,"TAC,MHD",960,168,region_constrained,selected_countries,weight,axis_parallel,count,row_column,250,250,0.4112486714133796,1.1758952027447848e-09,9.741862794551344e-10,0.8835675533703536
MHD,10m,January,january_20_26,2019-01-20,2019-01-26,2019-01-18,2019-01-28,"TAC,MHD",960,168,region_constrained,selected_countries,weight,axis_parallel,count,lat_lon_metres,250,250,0.38054097474068166,1.0880917988318482e-09,8.773742948379386e-10,0.891696561328637
MHD,10m,January,january_20_26,2019-01-20,2019-01-26,2019-01-18,2019-01-28,"TAC,MHD",960,168,region_constrained,selected_countries,weight,axis_parallel,balanced,row_column,250,250,0.20232745032102883,5.785207217774398e-10,3.8168883129086215e-10,0.9404053757353923
MHD,10m,January,january_20_26,2019-01-20,2019-01-26,2019-01-18,2019-01-28,"TAC,MHD",960,168,region_constrained,selected_countries,weight,axis_parallel,balanced,lat_lon_metres,250,250,0.2322425848213477,6.640579297822545e-10,4.072780927783498e-10,0.9121421400958066
MHD,10m,January,january_20_26,2019-01-20,2019-01-26,2019-01-18,2019-01-28,"TAC,MHD",960,168,region_constrained,selected_countries,weight,inertial,count,row_column,250,250,0.3710401348533281,1.0609257729643615e-09,8.398790316910978e-10,0.9112971445806654
MHD,10m,January,january_20_26,2019-01-20,2019-01-26,2019-01-18,2019-01-28,"TAC,MHD",960,168,region_constrained,selected_countries,weight,inertial,count,lat_lon_metres,250,250,0.3236786311221489,9.255036575788699e-10,7.410461159511644e-10,0.9428697254716087
MHD,10m,January,january_20_26,2019-01-20,2019-01-26,2019-01-18,2019-01-28,"TAC,MHD",960,168,region_constrained,selected_countries,weight,inertial,balanced,row_column,250,250,0.12626763146863776,3.6104068517870227e-10,1.0455504781136425e-10,0.9627763564316983
MHD,10m,January,january_20_26,2019-01-20,2019-01-26,2019-01-18,2019-01-28,"TAC,MHD",960,168,region_constrained,selected_countries,weight,inertial,balanced,lat_lon_metres,250,250,0.19191305356016122,5.487425363586343e-10,4.3248541666129493e-10,0.9644763855117346
MHD,10m,January,january_20_26,2019-01-20,2019-01-26,2019-01-18,2019-01-28,"TAC,MHD",960,168,bucketbasisfunction,land_sea,legacy,bucketbasisfunction,legacy,row_column,250,249,0.16220234575506232,4.6378985150716124e-10,3.46972185642675e-10,0.9734472554561481
MHD,10m,January,january_20_26,2019-01-20,2019-01-26,2019-01-18,2019-01-28,"TAC,MHD",960,168,quadtreebasisfunction,no_mask,legacy,quadtreebasisfunction,legacy,row_column,250,250,0.09139399074902127,2.6132547714287623e-10,1.4750758933770823e-10,0.9856561195998933
TAC,185m,July,july_06_12,2019-07-06,2019-07-12,2019-07-04,2019-07-14,"TAC,MHD",960,168,region_constrained,no_mask,single_class,axis_parallel,count,row_column,250,250,0.0387608690129416,2.0640109475230652e-09,4.269465298638654e-10,0.9975267159687877
TAC,185m,July,july_06_12,2019-07-06,2019-07-12,2019-07-04,2019-07-14,"TAC,MHD",960,168,region_constrained,no_mask,single_class,axis_parallel,count,lat_lon_metres,250,250,0.03855347052731819,2.05296700666912e-09,3.9395560126283265e-10,0.997549919042339
TAC,185m,July,july_06_12,2019-07-06,2019-07-12,2019-07-04,2019-07-14,"TAC,MHD",960,168,region_constrained,no_mask,single_class,axis_parallel,balanced,row_column,250,250,0.08637935302714127,4.599688676444583e-09,5.250767198624343e-10,0.986854718657566
TAC,185m,July,july_06_12,2019-07-06,2019-07-12,2019-07-04,2019-07-14,"TAC,MHD",960,168,region_constrained,no_mask,single_class,axis_parallel,balanced,lat_lon_metres,250,250,0.08537207786055113,4.546051412266733e-09,5.319834449171812e-10,0.9872661993037184
TAC,185m,July,july_06_12,2019-07-06,2019-07-12,2019-07-04,2019-07-14,"TAC,MHD",960,168,region_constrained,no_mask,single_class,inertial,count,row_column,250,250,0.05590971284079501,2.977184524365082e-09,1.6736046302385492e-09,0.9961622785405125
TAC,185m,July,july_06_12,2019-07-06,2019-07-12,2019-07-04,2019-07-14,"TAC,MHD",960,168,region_constrained,no_mask,single_class,inertial,count,lat_lon_metres,250,250,0.04680464250572389,2.4923407804521256e-09,1.047762449571283e-09,0.9967800394448708
TAC,185m,July,july_06_12,2019-07-06,2019-07-12,2019-07-04,2019-07-14,"TAC,MHD",960,168,region_constrained,no_mask,single_class,inertial,balanced,row_column,250,250,0.046874112407573824,2.4960400431774726e-09,1.7123243692849393e-09,0.9979132561461725
TAC,185m,July,july_06_12,2019-07-06,2019-07-12,2019-07-04,2019-07-14,"TAC,MHD",960,168,region_constrained,no_mask,single_class,inertial,balanced,lat_lon_metres,250,250,0.051008880063087396,2.716215852538064e-09,1.8629906650483896e-09,0.9975362411798891
TAC,185m,July,july_06_12,2019-07-06,2019-07-12,2019-07-04,2019-07-14,"TAC,MHD",960,168,region_constrained,land_sea,weight,axis_parallel,count,row_column,250,250,0.045839419255638024,2.440942775048381e-09,-9.130608936858483e-11,0.9970193111338334
TAC,185m,July,july_06_12,2019-07-06,2019-07-12,2019-07-04,2019-07-14,"TAC,MHD",960,168,region_constrained,land_sea,weight,axis_parallel,count,lat_lon_metres,250,250,0.0354621629077679,1.8883553008071356e-09,1.7973428884116793e-10,0.9986519026287115
TAC,185m,July,july_06_12,2019-07-06,2019-07-12,2019-07-04,2019-07-14,"TAC,MHD",960,168,region_constrained,land_sea,weight,axis_parallel,balanced,row_column,250,250,0.09086606970051868,4.83860572263344e-09,-1.2212300492803588e-09,0.9886514430374869
TAC,185m,July,july_06_12,2019-07-06,2019-07-12,2019-07-04,2019-07-14,"TAC,MHD",960,168,region_constrained,land_sea,weight,axis_parallel,balanced,lat_lon_metres,250,250,0.08937811673907835,4.759372431945691e-09,-9.089963200638127e-10,0.9883149002269385
TAC,185m,July,july_06_12,2019-07-06,2019-07-12,2019-07-04,2019-07-14,"TAC,MHD",960,168,region_constrained,land_sea,weight,inertial,count,row_column,250,250,0.03743431122695996,1.9933719277458284e-09,5.997340339796044e-10,0.997955140091882
TAC,185m,July,july_06_12,2019-07-06,2019-07-12,2019-07-04,2019-07-14,"TAC,MHD",960,168,region_constrained,land_sea,weight,inertial,count,lat_lon_metres,250,250,0.04337384393305849,2.3096512279974686e-09,1.2015651706482989e-09,0.9977310524745207
TAC,185m,July,july_06_12,2019-07-06,2019-07-12,2019-07-04,2019-07-14,"TAC,MHD",960,168,region_constrained,land_sea,weight,inertial,balanced,row_column,250,250,0.03761327538319505,2.0029017444679487e-09,6.959396296861632e-10,0.9978303496901495
TAC,185m,July,july_06_12,2019-07-06,2019-07-12,2019-07-04,2019-07-14,"TAC,MHD",960,168,region_constrained,land_sea,weight,inertial,balanced,lat_lon_metres,250,250,0.025606663829351232,1.3635513294523221e-09,7.669742022457432e-11,0.9989787501553925
TAC,185m,July,july_06_12,2019-07-06,2019-07-12,2019-07-04,2019-07-14,"TAC,MHD",960,168,region_constrained,selected_countries,weight,axis_parallel,count,row_column,250,250,0.04591336994764479,2.444880639233725e-09,-5.735278298777071e-10,0.9973417344389814
TAC,185m,July,july_06_12,2019-07-06,2019-07-12,2019-07-04,2019-07-14,"TAC,MHD",960,168,region_constrained,selected_countries,weight,axis_parallel,count,lat_lon_metres,250,250,0.03873490580114461,2.062628410063341e-09,-1.2114115064525132e-10,0.9982367416927366
TAC,185m,July,july_06_12,2019-07-06,2019-07-12,2019-07-04,2019-07-14,"TAC,MHD",960,168,region_constrained,selected_countries,weight,axis_parallel,balanced,row_column,250,250,0.11551481249147091,6.151147888450705e-09,-2.7776275799138872e-09,0.9852785717348268
TAC,185m,July,july_06_12,2019-07-06,2019-07-12,2019-07-04,2019-07-14,"TAC,MHD",960,168,region_constrained,selected_countries,weight,axis_parallel,balanced,lat_lon_metres,250,250,0.11222071267999036,5.975737526240832e-09,-2.6010276412794138e-09,0.9850412607464205
TAC,185m,July,july_06_12,2019-07-06,2019-07-12,2019-07-04,2019-07-14,"TAC,MHD",960,168,region_constrained,selected_countries,weight,inertial,count,row_column,250,250,0.041950374582228216,2.2338516807118734e-09,2.915821536903553e-10,0.9975546441667589
TAC,185m,July,july_06_12,2019-07-06,2019-07-12,2019-07-04,2019-07-14,"TAC,MHD",960,168,region_constrained,selected_countries,weight,inertial,count,lat_lon_metres,250,250,0.03792658100849568,2.019585225953494e-09,7.292324621721445e-10,0.9981280354299852
TAC,185m,July,july_06_12,2019-07-06,2019-07-12,2019-07-04,2019-07-14,"TAC,MHD",960,168,region_constrained,selected_countries,weight,inertial,balanced,row_column,250,250,0.034366396196932075,1.83000587406076e-09,4.021653351507882e-11,0.9980775796927401
TAC,185m,July,july_06_12,2019-07-06,2019-07-12,2019-07-04,2019-07-14,"TAC,MHD",960,168,region_constrained,selected_countries,weight,inertial,balanced,lat_lon_metres,250,250,0.028726668739992633,1.5296911621206623e-09,9.392660634459264e-11,0.9987480693250078
TAC,185m,July,july_06_12,2019-07-06,2019-07-12,2019-07-04,2019-07-14,"TAC,MHD",960,168,bucketbasisfunction,land_sea,legacy,bucketbasisfunction,legacy,row_column,250,250,0.039762498726367695,2.117347592095858e-09,9.703586051369342e-10,0.9978546021735188
TAC,185m,July,july_06_12,2019-07-06,2019-07-12,2019-07-04,2019-07-14,"TAC,MHD",960,168,quadtreebasisfunction,no_mask,legacy,quadtreebasisfunction,legacy,row_column,250,250,0.07741907198506331,4.122554942483216e-09,8.403021040362354e-10,0.9917538299679247
MHD,10m,July,july_06_12,2019-07-06,2019-07-12,2019-07-04,2019-07-14,"TAC,MHD",960,168,region_constrained,no_mask,single_class,axis_parallel,count,row_column,250,250,0.06409733316542852,1.1278618144383065e-09,5.815316941136565e-10,0.9896121097519116
MHD,10m,July,july_06_12,2019-07-06,2019-07-12,2019-07-04,2019-07-14,"TAC,MHD",960,168,region_constrained,no_mask,single_class,axis_parallel,count,lat_lon_metres,250,250,0.060350193421444806,1.0619268430145215e-09,5.487175200737532e-10,0.9908217918962705
MHD,10m,July,july_06_12,2019-07-06,2019-07-12,2019-07-04,2019-07-14,"TAC,MHD",960,168,region_constrained,no_mask,single_class,axis_parallel,balanced,row_column,250,250,0.12347023635265268,2.1725921801211402e-09,-1.0593581956921237e-10,0.9466240953227772
MHD,10m,July,july_06_12,2019-07-06,2019-07-12,2019-07-04,2019-07-14,"TAC,MHD",960,168,region_constrained,no_mask,single_class,axis_parallel,balanced,lat_lon_metres,250,250,0.12087284215355354,2.1268882235049303e-09,-1.809666165774733e-10,0.9490062543392387
MHD,10m,July,july_06_12,2019-07-06,2019-07-12,2019-07-04,2019-07-14,"TAC,MHD",960,168,region_constrained,no_mask,single_class,inertial,count,row_column,250,250,0.21425276977559282,3.770008918216081e-09,3.010752393436197e-09,0.9428067460186121
MHD,10m,July,july_06_12,2019-07-06,2019-07-12,2019-07-04,2019-07-14,"TAC,MHD",960,168,region_constrained,no_mask,single_class,inertial,count,lat_lon_metres,250,250,0.11560141377076628,2.03413174695781e-09,8.476177730707256e-10,0.9616805749680881
MHD,10m,July,july_06_12,2019-07-06,2019-07-12,2019-07-04,2019-07-14,"TAC,MHD",960,168,region_constrained,no_mask,single_class,inertial,balanced,row_column,250,250,0.14703446878998744,2.587230303738942e-09,1.0942471859978757e-09,0.9374307554667861
MHD,10m,July,july_06_12,2019-07-06,2019-07-12,2019-07-04,2019-07-14,"TAC,MHD",960,168,region_constrained,no_mask,single_class,inertial,balanced,lat_lon_metres,250,250,0.30777974940808345,5.41571715189545e-09,3.400980207804885e-09,0.7847590470775686
MHD,10m,July,july_06_12,2019-07-06,2019-07-12,2019-07-04,2019-07-14,"TAC,MHD",960,168,region_constrained,land_sea,weight,axis_parallel,count,row_column,250,250,0.07396683555976132,1.3015263700189004e-09,9.537029854259419e-10,0.991906823627957
MHD,10m,July,july_06_12,2019-07-06,2019-07-12,2019-07-04,2019-07-14,"TAC,MHD",960,168,region_constrained,land_sea,weight,axis_parallel,count,lat_lon_metres,250,250,0.10197250268797188,1.7943163346225335e-09,1.5435633342843292e-09,0.9918767483778576
MHD,10m,July,july_06_12,2019-07-06,2019-07-12,2019-07-04,2019-07-14,"TAC,MHD",960,168,region_constrained,land_sea,weight,axis_parallel,balanced,row_column,250,250,0.09068002800969137,1.5956130446233551e-09,-6.365177097269825e-10,0.9825603681979946
MHD,10m,July,july_06_12,2019-07-06,2019-07-12,2019-07-04,2019-07-14,"TAC,MHD",960,168,region_constrained,land_sea,weight,axis_parallel,balanced,lat_lon_metres,250,250,0.07448391337960304,1.3106249128020664e-09,-2.1999362616546083e-10,0.9861816639089244
MHD,10m,July,july_06_12,2019-07-06,2019-07-12,2019-07-04,2019-07-14,"TAC,MHD",960,168,region_constrained,land_sea,weight,inertial,count,row_column,250,250,0.20779891931224628,3.6564464479192733e-09,3.24269153840539e-09,0.9803739424552715
MHD,10m,July,july_06_12,2019-07-06,2019-07-12,2019-07-04,2019-07-14,"TAC,MHD",960,168,region_constrained,land_sea,weight,inertial,count,lat_lon_metres,250,250,0.14915497373223394,2.6245428787491215e-09,2.3384009390845586e-09,0.9881029730493883
MHD,10m,July,july_06_12,2019-07-06,2019-07-12,2019-07-04,2019-07-14,"TAC,MHD",960,168,region_constrained,land_sea,weight,inertial,balanced,row_column,250,250,0.12551971929032066,2.208655046243397e-09,1.1585932604288752e-09,0.9617226188963595
MHD,10m,July,july_06_12,2019-07-06,2019-07-12,2019-07-04,2019-07-14,"TAC,MHD",960,168,region_constrained,land_sea,weight,inertial,balanced,lat_lon_metres,250,250,0.165609506546741,2.914078157666377e-09,1.3084927848052984e-09,0.9223049799012886
MHD,10m,July,july_06_12,2019-07-06,2019-07-12,2019-07-04,2019-07-14,"TAC,MHD",960,168,region_constrained,selected_countries,weight,axis_parallel,count,row_column,250,250,0.09000801740345375,1.5837882921064791e-09,9.251835343063176e-10,0.9833568025977123
MHD,10m,July,july_06_12,2019-07-06,2019-07-12,2019-07-04,2019-07-14,"TAC,MHD",960,168,region_constrained,selected_countries,weight,axis_parallel,count,lat_lon_metres,250,250,0.10518881018266321,1.850910739219551e-09,1.403682210076981e-09,0.9864359455083234
MHD,10m,July,july_06_12,2019-07-06,2019-07-12,2019-07-04,2019-07-14,"TAC,MHD",960,168,region_constrained,selected_countries,weight,axis_parallel,balanced,row_column,250,250,0.1305779144442872,2.297659453796702e-09,-1.4226689256326243e-09,0.9721533425236117
MHD,10m,July,july_06_12,2019-07-06,2019-07-12,2019-07-04,2019-07-14,"TAC,MHD",960,168,region_constrained,selected_countries,weight,axis_parallel,balanced,lat_lon_metres,250,250,0.1369257974748875,2.409357312649222e-09,-4.745404651669666e-10,0.9362472265537201
MHD,10m,July,july_06_12,2019-07-06,2019-07-12,2019-07-04,2019-07-14,"TAC,MHD",960,168,region_constrained,selected_countries,weight,inertial,count,row_column,250,250,0.20625720928824515,3.629318394704955e-09,3.066793157493437e-09,0.9729914348684068
MHD,10m,July,july_06_12,2019-07-06,2019-07-12,2019-07-04,2019-07-14,"TAC,MHD",960,168,region_constrained,selected_countries,weight,inertial,count,lat_lon_metres,250,250,0.13139824314906576,2.3120940234693507e-09,1.9652586943654383e-09,0.9923328911209655
MHD,10m,July,july_06_12,2019-07-06,2019-07-12,2019-07-04,2019-07-14,"TAC,MHD",960,168,region_constrained,selected_countries,weight,inertial,balanced,row_column,250,250,0.13273976907993473,2.335699621327859e-09,1.2668525183958551e-09,0.9641973359171339
MHD,10m,July,july_06_12,2019-07-06,2019-07-12,2019-07-04,2019-07-14,"TAC,MHD",960,168,region_constrained,selected_countries,weight,inertial,balanced,lat_lon_metres,250,250,0.1679684206848469,2.9555858000052832e-09,1.8266501771406782e-09,0.9432296227355162
MHD,10m,July,july_06_12,2019-07-06,2019-07-12,2019-07-04,2019-07-14,"TAC,MHD",960,168,bucketbasisfunction,land_sea,legacy,bucketbasisfunction,legacy,row_column,250,250,0.28095780738939913,4.943756109243698e-09,4.059969452525737e-09,0.908008651634351
MHD,10m,July,july_06_12,2019-07-06,2019-07-12,2019-07-04,2019-07-14,"TAC,MHD",960,168,quadtreebasisfunction,no_mask,legacy,quadtreebasisfunction,legacy,row_column,250,250,0.2765457652649852,4.8661214622143625e-09,4.019633959151293e-09,0.9133432700692392
TAC,185m,July,july_13_19,2019-07-13,2019-07-19,2019-07-11,2019-07-21,"TAC,MHD",960,168,region_constrained,no_mask,single_class,axis_parallel,count,row_column,250,250,0.05484167916062791,2.890625222461046e-09,6.689920377932352e-10,0.9912220459423786
TAC,185m,July,july_13_19,2019-07-13,2019-07-19,2019-07-11,2019-07-21,"TAC,MHD",960,168,region_constrained,no_mask,single_class,axis_parallel,count,lat_lon_metres,250,250,0.056753533436255006,2.9913962833654912e-09,7.546019122975633e-10,0.9907295559154259
TAC,185m,July,july_13_19,2019-07-13,2019-07-19,2019-07-11,2019-07-21,"TAC,MHD",960,168,region_constrained,no_mask,single_class,axis_parallel,balanced,row_column,250,250,0.05117425596956232,2.697320674901832e-09,4.566400985601378e-10,0.9921342681563571
TAC,185m,July,july_13_19,2019-07-13,2019-07-19,2019-07-11,2019-07-21,"TAC,MHD",960,168,region_constrained,no_mask,single_class,axis_parallel,balanced,lat_lon_metres,250,250,0.04690988846546894,2.472552059975373e-09,5.359899957790845e-10,0.9935093028007371
TAC,185m,July,july_13_19,2019-07-13,2019-07-19,2019-07-11,2019-07-21,"TAC,MHD",960,168,region_constrained,no_mask,single_class,inertial,count,row_column,250,250,0.10149641487953408,5.349728551907321e-09,2.907581828878929e-09,0.9777027439581674
TAC,185m,July,july_13_19,2019-07-13,2019-07-19,2019-07-11,2019-07-21,"TAC,MHD",960,168,region_constrained,no_mask,single_class,inertial,count,lat_lon_metres,250,250,0.0785192335053275,4.138634707993311e-09,2.2891261139909423e-09,0.9868883612364223
TAC,185m,July,july_13_19,2019-07-13,2019-07-19,2019-07-11,2019-07-21,"TAC,MHD",960,168,region_constrained,no_mask,single_class,inertial,balanced,row_column,250,250,0.062291442965599,3.283291447959971e-09,2.1000350792701046e-09,0.9937866213826498
TAC,185m,July,july_13_19,2019-07-13,2019-07-19,2019-07-11,2019-07-21,"TAC,MHD",960,168,region_constrained,no_mask,single_class,inertial,balanced,lat_lon_metres,250,250,0.06865784369706655,3.618855180003508e-09,2.343852428523079e-09,0.9922374407045814
TAC,185m,July,july_13_19,2019-07-13,2019-07-19,2019-07-11,2019-07-21,"TAC,MHD",960,168,region_constrained,land_sea,weight,axis_parallel,count,row_column,250,250,0.06856615836680581,3.6140225794661478e-09,1.6644059925411286e-09,0.9894883624353037
TAC,185m,July,july_13_19,2019-07-13,2019-07-19,2019-07-11,2019-07-21,"TAC,MHD",960,168,region_constrained,land_sea,weight,axis_parallel,count,lat_lon_metres,250,250,0.056221088626420654,2.963331891092459e-09,1.2337810316739287e-09,0.9935342867352341
TAC,185m,July,july_13_19,2019-07-13,2019-07-19,2019-07-11,2019-07-21,"TAC,MHD",960,168,region_constrained,land_sea,weight,axis_parallel,balanced,row_column,250,250,0.2696025834324416,1.4210360434586506e-08,-7.745190549479294e-09,0.8331122443404277
TAC,185m,July,july_13_19,2019-07-13,2019-07-19,2019-07-11,2019-07-21,"TAC,MHD",960,168,region_constrained,land_sea,weight,axis_parallel,balanced,lat_lon_metres,250,250,0.2712305347359132,1.4296167382345534e-08,-7.951208516878213e-09,0.8340073797692487
TAC,185m,July,july_13_19,2019-07-13,2019-07-19,2019-07-11,2019-07-21,"TAC,MHD",960,168,region_constrained,land_sea,weight,inertial,count,row_column,250,250,0.03940387087996939,2.076920779442701e-09,5.963340903634462e-10,0.9956554046198662
TAC,185m,July,july_13_19,2019-07-13,2019-07-19,2019-07-11,2019-07-21,"TAC,MHD",960,168,region_constrained,land_sea,weight,inertial,count,lat_lon_metres,250,250,0.04002377386691352,2.109594965152647e-09,3.861966037725516e-10,0.9958725681485482
TAC,185m,July,july_13_19,2019-07-13,2019-07-19,2019-07-11,2019-07-21,"TAC,MHD",960,168,region_constrained,land_sea,weight,inertial,balanced,row_column,250,250,0.04026974171092565,2.122559572814155e-09,-5.6086547482624524e-12,0.9957843898124945
TAC,185m,July,july_13_19,2019-07-13,2019-07-19,2019-07-11,2019-07-21,"TAC,MHD",960,168,region_constrained,land_sea,weight,inertial,balanced,lat_lon_metres,250,250,0.04017796582340304,2.117722199135104e-09,4.4773892569471965e-10,0.9955194411515046
TAC,185m,July,july_13_19,2019-07-13,2019-07-19,2019-07-11,2019-07-21,"TAC,MHD",960,168,region_constrained,selected_countries,weight,axis_parallel,count,row_column,250,250,0.06262761591096312,3.301010635443862e-09,1.5863562558268188e-09,0.9917013270053324
TAC,185m,July,july_13_19,2019-07-13,2019-07-19,2019-07-11,2019-07-21,"TAC,MHD",960,168,region_constrained,selected_countries,weight,axis_parallel,count,lat_lon_metres,250,250,0.05624541602902551,2.964614153135541e-09,1.4364963975314354e-09,0.9939345463769951
TAC,185m,July,july_13_19,2019-07-13,2019-07-19,2019-07-11,2019-07-21,"TAC,MHD",960,168,region_constrained,selected_countries,weight,axis_parallel,balanced,row_column,250,250,0.13758862650114795,7.252096583751593e-09,-4.724518556014652e-09,0.9704594962296826
TAC,185m,July,july_13_19,2019-07-13,2019-07-19,2019-07-11,2019-07-21,"TAC,MHD",960,168,region_constrained,selected_countries,weight,axis_parallel,balanced,lat_lon_metres,250,250,0.1408392728134652,7.423433427617419e-09,-4.961907354315043e-09,0.970232992560911
TAC,185m,July,july_13_19,2019-07-13,2019-07-19,2019-07-11,2019-07-21,"TAC,MHD",960,168,region_constrained,selected_countries,weight,inertial,count,row_column,250,250,0.04441502666265189,2.341051519434757e-09,-5.474032792271726e-10,0.9946545759205561
TAC,185m,July,july_13_19,2019-07-13,2019-07-19,2019-07-11,2019-07-21,"TAC,MHD",960,168,region_constrained,selected_countries,weight,inertial,count,lat_lon_metres,250,250,0.03979594244679357,2.0975863020418966e-09,4.93836733231853e-10,0.9959223321936521
TAC,185m,July,july_13_19,2019-07-13,2019-07-19,2019-07-11,2019-07-21,"TAC,MHD",960,168,region_constrained,selected_countries,weight,inertial,balanced,row_column,250,250,0.037816688181999306,1.9932626856420304e-09,8.741720623956472e-11,0.9962897257228494
TAC,185m,July,july_13_19,2019-07-13,2019-07-19,2019-07-11,2019-07-21,"TAC,MHD",960,168,region_constrained,selected_countries,weight,inertial,balanced,lat_lon_metres,250,250,0.039514909658974286,2.0827734721424034e-09,2.064253510910423e-10,0.9956480663231695
TAC,185m,July,july_13_19,2019-07-13,2019-07-19,2019-07-11,2019-07-21,"TAC,MHD",960,168,bucketbasisfunction,land_sea,legacy,bucketbasisfunction,legacy,row_column,250,250,0.04119692215061672,2.1714299065778893e-09,1.162791586219672e-09,0.9966603226205951
TAC,185m,July,july_13_19,2019-07-13,2019-07-19,2019-07-11,2019-07-21,"TAC,MHD",960,168,quadtreebasisfunction,no_mask,legacy,quadtreebasisfunction,legacy,row_column,250,250,0.10072232164126076,5.308927222091441e-09,1.7340212986352649e-09,0.9743453046403718
MHD,10m,July,july_13_19,2019-07-13,2019-07-19,2019-07-11,2019-07-21,"TAC,MHD",960,168,region_constrained,no_mask,single_class,axis_parallel,count,row_column,250,250,0.10394548530250225,2.230316168950859e-09,6.110468982751459e-10,0.9830463151011836
MHD,10m,July,july_13_19,2019-07-13,2019-07-19,2019-07-11,2019-07-21,"TAC,MHD",960,168,region_constrained,no_mask,single_class,axis_parallel,count,lat_lon_metres,250,250,0.10099659217357705,2.167042963704766e-09,4.5839270352220524e-10,0.9833731781154539
MHD,10m,July,july_13_19,2019-07-13,2019-07-19,2019-07-11,2019-07-21,"TAC,MHD",960,168,region_constrained,no_mask,single_class,axis_parallel,balanced,row_column,250,250,0.1522047006173948,3.2657946017510065e-09,-2.5516439160761894e-10,0.9596779741824679
MHD,10m,July,july_13_19,2019-07-13,2019-07-19,2019-07-11,2019-07-21,"TAC,MHD",960,168,region_constrained,no_mask,single_class,axis_parallel,balanced,lat_lon_metres,250,250,0.160975834634314,3.4539932710923374e-09,-2.1593572170600738e-10,0.9534776495427488
MHD,10m,July,july_13_19,2019-07-13,2019-07-19,2019-07-11,2019-07-21,"TAC,MHD",960,168,region_constrained,no_mask,single_class,inertial,count,row_column,250,250,0.16074571814587826,3.4490557548220845e-09,1.5932481293853399e-09,0.9679630551519708
MHD,10m,July,july_13_19,2019-07-13,2019-07-19,2019-07-11,2019-07-21,"TAC,MHD",960,168,region_constrained,no_mask,single_class,inertial,count,lat_lon_metres,250,250,0.11248321289990233,2.4135067313034596e-09,8.073274595271126e-10,0.9798539352163175
MHD,10m,July,july_13_19,2019-07-13,2019-07-19,2019-07-11,2019-07-21,"TAC,MHD",960,168,region_constrained,no_mask,single_class,inertial,balanced,row_column,250,250,0.10035233823324241,2.153219467899662e-09,5.984697848245049e-10,0.9835404953358546
MHD,10m,July,july_13_19,2019-07-13,2019-07-19,2019-07-11,2019-07-21,"TAC,MHD",960,168,region_constrained,no_mask,single_class,inertial,balanced,lat_lon_metres,250,250,0.10288961990617838,2.2076608928818355e-09,5.752363438609759e-10,0.9830659326907406
MHD,10m,July,july_13_19,2019-07-13,2019-07-19,2019-07-11,2019-07-21,"TAC,MHD",960,168,region_constrained,land_sea,weight,axis_parallel,count,row_column,250,250,0.07524236913260524,1.6144450331656563e-09,1.1431346114452508e-09,0.9949501174698036
MHD,10m,July,july_13_19,2019-07-13,2019-07-19,2019-07-11,2019-07-21,"TAC,MHD",960,168,region_constrained,land_sea,weight,axis_parallel,count,lat_lon_metres,250,250,0.06652091544363109,1.4273123344951262e-09,5.163515227046829e-10,0.9950312640884681
MHD,10m,July,july_13_19,2019-07-13,2019-07-19,2019-07-11,2019-07-21,"TAC,MHD",960,168,region_constrained,land_sea,weight,axis_parallel,balanced,row_column,250,250,0.09351717714092994,2.006560185322804e-09,-6.876188186173928e-10,0.987634848204561
MHD,10m,July,july_13_19,2019-07-13,2019-07-19,2019-07-11,2019-07-21,"TAC,MHD",960,168,region_constrained,land_sea,weight,axis_parallel,balanced,lat_lon_metres,250,250,0.10347074419816849,2.220129841396759e-09,-6.306311655191408e-10,0.983014035591274
MHD,10m,July,july_13_19,2019-07-13,2019-07-19,2019-07-11,2019-07-21,"TAC,MHD",960,168,region_constrained,land_sea,weight,inertial,count,row_column,250,250,0.11123776800987152,2.3867837248382037e-09,1.747545596874931e-09,0.989928357075844
MHD,10m,July,july_13_19,2019-07-13,2019-07-19,2019-07-11,2019-07-21,"TAC,MHD",960,168,region_constrained,land_sea,weight,inertial,count,lat_lon_metres,250,250,0.08426132729070548,1.8079611647086777e-09,1.3091514744290671e-09,0.9942567716490598
MHD,10m,July,july_13_19,2019-07-13,2019-07-19,2019-07-11,2019-07-21,"TAC,MHD",960,168,region_constrained,land_sea,weight,inertial,balanced,row_column,250,250,0.1278850202032352,2.7439770712101973e-09,1.1000126529335564e-09,0.9778494147635963
MHD,10m,July,july_13_19,2019-07-13,2019-07-19,2019-07-11,2019-07-21,"TAC,MHD",960,168,region_constrained,land_sea,weight,inertial,balanced,lat_lon_metres,250,250,0.12151338811535957,2.6072635427020665e-09,9.166690236739217e-10,0.9776205496422055
MHD,10m,July,july_13_19,2019-07-13,2019-07-19,2019-07-11,2019-07-21,"TAC,MHD",960,168,region_constrained,selected_countries,weight,axis_parallel,count,row_column,250,250,0.11349236390514407,2.4351596756074244e-09,1.174856069250658e-09,0.982211119115137
MHD,10m,July,july_13_19,2019-07-13,2019-07-19,2019-07-11,2019-07-21,"TAC,MHD",960,168,region_constrained,selected_countries,weight,axis_parallel,count,lat_lon_metres,250,250,0.14140502436475724,3.034070323437282e-09,2.1412000076659352e-09,0.983408450556336
MHD,10m,July,july_13_19,2019-07-13,2019-07-19,2019-07-11,2019-07-21,"TAC,MHD",960,168,region_constrained,selected_countries,weight,axis_parallel,balanced,row_column,250,250,0.08917819976956316,1.913460505621388e-09,-7.49217994174264e-10,0.9879369275463075
MHD,10m,July,july_13_19,2019-07-13,2019-07-19,2019-07-11,2019-07-21,"TAC,MHD",960,168,region_constrained,selected_countries,weight,axis_parallel,balanced,lat_lon_metres,250,250,0.07999683951764065,1.7164597781416676e-09,-9.118722080231227e-10,0.9918220833462433
MHD,10m,July,july_13_19,2019-07-13,2019-07-19,2019-07-11,2019-07-21,"TAC,MHD",960,168,region_constrained,selected_countries,weight,inertial,count,row_column,250,250,0.12816449651581457,2.7499736812310226e-09,1.509167233405137e-09,0.9838104630146914
MHD,10m,July,july_13_19,2019-07-13,2019-07-19,2019-07-11,2019-07-21,"TAC,MHD",960,168,region_constrained,selected_countries,weight,inertial,count,lat_lon_metres,250,250,0.089897084526108,1.9288853246163467e-09,5.824607456001473e-10,0.9927482871728349
MHD,10m,July,july_13_19,2019-07-13,2019-07-19,2019-07-11,2019-07-21,"TAC,MHD",960,168,region_constrained,selected_countries,weight,inertial,balanced,row_column,250,250,0.12551167026695598,2.693053063091351e-09,1.440120086751057e-09,0.9821482480084923
MHD,10m,July,july_13_19,2019-07-13,2019-07-19,2019-07-11,2019-07-21,"TAC,MHD",960,168,region_constrained,selected_countries,weight,inertial,balanced,lat_lon_metres,250,250,0.09838978837133013,2.111109830557963e-09,8.13078096240475e-10,0.9854119303858193
MHD,10m,July,july_13_19,2019-07-13,2019-07-19,2019-07-11,2019-07-21,"TAC,MHD",960,168,bucketbasisfunction,land_sea,legacy,bucketbasisfunction,legacy,row_column,250,250,0.13288555249633757,2.8512714668658655e-09,1.7476259079454834e-09,0.981759025390302
MHD,10m,July,july_13_19,2019-07-13,2019-07-19,2019-07-11,2019-07-21,"TAC,MHD",960,168,quadtreebasisfunction,no_mask,legacy,quadtreebasisfunction,legacy,row_column,250,250,0.2651584676347201,5.689397822126605e-09,4.38301621364135e-09,0.9524643622007263
TAC,185m,July,july_20_26,2019-07-20,2019-07-26,2019-07-18,2019-07-28,"TAC,MHD",960,168,region_constrained,no_mask,single_class,axis_parallel,count,row_column,250,250,0.12454432979378136,8.219082252945477e-09,-1.9998078315235476e-09,0.9664411406402468
TAC,185m,July,july_20_26,2019-07-20,2019-07-26,2019-07-18,2019-07-28,"TAC,MHD",960,168,region_constrained,no_mask,single_class,axis_parallel,count,lat_lon_metres,250,250,0.1244569730447803,8.213317299160922e-09,-1.980136404420993e-09,0.9664597415300165
TAC,185m,July,july_20_26,2019-07-20,2019-07-26,2019-07-18,2019-07-28,"TAC,MHD",960,168,region_constrained,no_mask,single_class,axis_parallel,balanced,row_column,250,250,0.21380379294686194,1.4109602284838222e-08,-5.519379288890169e-09,0.9113100138918773
TAC,185m,July,july_20_26,2019-07-20,2019-07-26,2019-07-18,2019-07-28,"TAC,MHD",960,168,region_constrained,no_mask,single_class,axis_parallel,balanced,lat_lon_metres,250,250,0.16376173775662894,1.0807165566956434e-08,-3.0839919906728752e-09,0.9456150480651289
TAC,185m,July,july_20_26,2019-07-20,2019-07-26,2019-07-18,2019-07-28,"TAC,MHD",960,168,region_constrained,no_mask,single_class,inertial,count,row_column,250,250,0.057754516280850536,3.81140691493039e-09,-2.1212620668603653e-10,0.9911257330755485
TAC,185m,July,july_20_26,2019-07-20,2019-07-26,2019-07-18,2019-07-28,"TAC,MHD",960,168,region_constrained,no_mask,single_class,inertial,count,lat_lon_metres,250,250,0.09163982141271614,6.047607555345776e-09,-4.079309110713143e-10,0.9792756569608962
TAC,185m,July,july_20_26,2019-07-20,2019-07-26,2019-07-18,2019-07-28,"TAC,MHD",960,168,region_constrained,no_mask,single_class,inertial,balanced,row_column,250,250,0.1374941358806623,9.073681748273791e-09,-2.35882802998765e-09,0.9658406784954067
TAC,185m,July,july_20_26,2019-07-20,2019-07-26,2019-07-18,2019-07-28,"TAC,MHD",960,168,region_constrained,no_mask,single_class,inertial,balanced,lat_lon_metres,250,250,0.1819871221238101,1.200991749836462e-08,-4.1179890794054526e-09,0.9389000941758735
TAC,185m,July,july_20_26,2019-07-20,2019-07-26,2019-07-18,2019-07-28,"TAC,MHD",960,168,region_constrained,land_sea,weight,axis_parallel,count,row_column,250,250,0.051217800644878325,3.380027954803271e-09,-5.549739601888784e-10,0.9935375059953735
TAC,185m,July,july_20_26,2019-07-20,2019-07-26,2019-07-18,2019-07-28,"TAC,MHD",960,168,region_constrained,land_sea,weight,axis_parallel,count,lat_lon_metres,250,250,0.052359845907570375,3.4553952073003925e-09,-7.705277573303298e-10,0.9951617807342436
TAC,185m,July,july_20_26,2019-07-20,2019-07-26,2019-07-18,2019-07-28,"TAC,MHD",960,168,region_constrained,land_sea,weight,axis_parallel,balanced,row_column,250,250,0.1971909935401528,1.3013270039110853e-08,-7.468368769457886e-09,0.9510835089095481
TAC,185m,July,july_20_26,2019-07-20,2019-07-26,2019-07-18,2019-07-28,"TAC,MHD",960,168,region_constrained,land_sea,weight,axis_parallel,balanced,lat_lon_metres,250,250,0.1532760474668677,1.0115181025282323e-08,-6.231407542474057e-09,0.9785638436537963
TAC,185m,July,july_20_26,2019-07-20,2019-07-26,2019-07-18,2019-07-28,"TAC,MHD",960,168,region_constrained,land_sea,weight,inertial,count,row_column,250,250,0.06605737954626632,4.3593396568416905e-09,-2.063452367970181e-09,0.9939509799923508
TAC,185m,July,july_20_26,2019-07-20,2019-07-26,2019-07-18,2019-07-28,"TAC,MHD",960,168,region_constrained,land_sea,weight,inertial,count,lat_lon_metres,250,250,0.15086327346754186,9.955954282554951e-09,-3.5935398769458112e-09,0.9598592251173487
TAC,185m,July,july_20_26,2019-07-20,2019-07-26,2019-07-18,2019-07-28,"TAC,MHD",960,168,region_constrained,land_sea,weight,inertial,balanced,row_column,250,250,0.2000653620858201,1.3202958895610673e-08,-7.590510292355653e-09,0.9481895546648207
TAC,185m,July,july_20_26,2019-07-20,2019-07-26,2019-07-18,2019-07-28,"TAC,MHD",960,168,region_constrained,land_sea,weight,inertial,balanced,lat_lon_metres,250,250,0.1867899208097029,1.232686968325375e-08,-7.4181606107420625e-09,0.9623803743149636
TAC,185m,July,july_20_26,2019-07-20,2019-07-26,2019-07-18,2019-07-28,"TAC,MHD",960,168,region_constrained,selected_countries,weight,axis_parallel,count,row_column,250,250,0.10662393887675252,7.036457823588668e-09,-3.65211777844872e-09,0.98850380188414
TAC,185m,July,july_20_26,2019-07-20,2019-07-26,2019-07-18,2019-07-28,"TAC,MHD",960,168,region_constrained,selected_countries,weight,axis_parallel,count,lat_lon_metres,250,250,0.14377867458583976,9.488418738911578e-09,-4.5045884363030305e-09,0.9789367790907112
TAC,185m,July,july_20_26,2019-07-20,2019-07-26,2019-07-18,2019-07-28,"TAC,MHD",960,168,region_constrained,selected_countries,weight,axis_parallel,balanced,row_column,250,250,0.18599909696603772,1.2274680665661084e-08,-7.899704654001e-09,0.9711768442053712
TAC,185m,July,july_20_26,2019-07-20,2019-07-26,2019-07-18,2019-07-28,"TAC,MHD",960,168,region_constrained,selected_countries,weight,axis_parallel,balanced,lat_lon_metres,250,250,0.16904119849033047,1.1155574218665727e-08,-7.140340515530367e-09,0.975709517190656
TAC,185m,July,july_20_26,2019-07-20,2019-07-26,2019-07-18,2019-07-28,"TAC,MHD",960,168,region_constrained,selected_countries,weight,inertial,count,row_column,250,250,0.10242320939662007,6.7592381285873025e-09,-3.222364079876599e-09,0.9865712557472829
TAC,185m,July,july_20_26,2019-07-20,2019-07-26,2019-07-18,2019-07-28,"TAC,MHD",960,168,region_constrained,selected_countries,weight,inertial,count,lat_lon_metres,250,250,0.09437568955605088,6.2281563233267354e-09,-3.052054093878256e-09,0.9897182414978265
TAC,185m,July,july_20_26,2019-07-20,2019-07-26,2019-07-18,2019-07-28,"TAC,MHD",960,168,region_constrained,selected_countries,weight,inertial,balanced,row_column,250,250,0.3025497538394197,1.996623464538295e-08,-9.84314046280624e-09,0.8108537906085354
TAC,185m,July,july_20_26,2019-07-20,2019-07-26,2019-07-18,2019-07-28,"TAC,MHD",960,168,region_constrained,selected_countries,weight,inertial,balanced,lat_lon_metres,250,250,0.23342318058935932,1.540434899111629e-08,-7.844227358504432e-09,0.914898388556175
TAC,185m,July,july_20_26,2019-07-20,2019-07-26,2019-07-18,2019-07-28,"TAC,MHD",960,168,bucketbasisfunction,land_sea,legacy,bucketbasisfunction,legacy,row_column,250,249,0.11684194417781951,7.710776968985007e-09,-1.0608928734730098e-09,0.9682866206677712
TAC,185m,July,july_20_26,2019-07-20,2019-07-26,2019-07-18,2019-07-28,"TAC,MHD",960,168,quadtreebasisfunction,no_mask,legacy,quadtreebasisfunction,legacy,row_column,250,250,0.11907828001635336,7.858359988079926e-09,-2.4480179442380366e-09,0.9696398378425446
MHD,10m,July,july_20_26,2019-07-20,2019-07-26,2019-07-18,2019-07-28,"TAC,MHD",960,168,region_constrained,no_mask,single_class,axis_parallel,count,row_column,250,250,0.34053603737874444,7.913997009894334e-09,6.181750935585507e-09,0.9109525487968714
MHD,10m,July,july_20_26,2019-07-20,2019-07-26,2019-07-18,2019-07-28,"TAC,MHD",960,168,region_constrained,no_mask,single_class,axis_parallel,count,lat_lon_metres,250,250,0.3415076642380611,7.936577445488036e-09,6.287054677147548e-09,0.9126542059218528
MHD,10m,July,july_20_26,2019-07-20,2019-07-26,2019-07-18,2019-07-28,"TAC,MHD",960,168,region_constrained,no_mask,single_class,axis_parallel,balanced,row_column,250,250,0.12319164978081433,2.862952054983207e-09,1.7494602697273594e-09,0.9720699490311121
MHD,10m,July,july_20_26,2019-07-20,2019-07-26,2019-07-18,2019-07-28,"TAC,MHD",960,168,region_constrained,no_mask,single_class,axis_parallel,balanced,lat_lon_metres,250,250,0.1256550066387155,2.9202000307269617e-09,1.8077622194187064e-09,0.9724516533839257
MHD,10m,July,july_20_26,2019-07-20,2019-07-26,2019-07-18,2019-07-28,"TAC,MHD",960,168,region_constrained,no_mask,single_class,inertial,count,row_column,250,250,0.18539855836177038,4.308629558879554e-09,3.118503302104548e-09,0.9556415604053978
MHD,10m,July,july_20_26,2019-07-20,2019-07-26,2019-07-18,2019-07-28,"TAC,MHD",960,168,region_constrained,no_mask,single_class,inertial,count,lat_lon_metres,250,250,0.22679625541958728,5.270704683891048e-09,3.631888745257218e-09,0.9416518565388358
MHD,10m,July,july_20_26,2019-07-20,2019-07-26,2019-07-18,2019-07-28,"TAC,MHD",960,168,region_constrained,no_mask,single_class,inertial,balanced,row_column,250,250,0.18697451237302645,4.345254450121065e-09,3.815464000177864e-09,0.9801236783284338
MHD,10m,July,july_20_26,2019-07-20,2019-07-26,2019-07-18,2019-07-28,"TAC,MHD",960,168,region_constrained,no_mask,single_class,inertial,balanced,lat_lon_metres,250,250,0.2000338345444428,4.6487507772979974e-09,4.1352597459369695e-09,0.9844197985567997
MHD,10m,July,july_20_26,2019-07-20,2019-07-26,2019-07-18,2019-07-28,"TAC,MHD",960,168,region_constrained,land_sea,weight,axis_parallel,count,row_column,250,250,0.12304637056079361,2.8595757917198713e-09,2.3503151813297456e-09,0.9843545319213511
MHD,10m,July,july_20_26,2019-07-20,2019-07-26,2019-07-18,2019-07-28,"TAC,MHD",960,168,region_constrained,land_sea,weight,axis_parallel,count,lat_lon_metres,250,250,0.11914047652054953,2.768803508136045e-09,2.002779013930139e-09,0.9828379567854145
MHD,10m,July,july_20_26,2019-07-20,2019-07-26,2019-07-18,2019-07-28,"TAC,MHD",960,168,region_constrained,land_sea,weight,axis_parallel,balanced,row_column,250,250,0.16145157275863764,3.75210586782481e-09,-2.8244051959412252e-09,0.9810574322257517
MHD,10m,July,july_20_26,2019-07-20,2019-07-26,2019-07-18,2019-07-28,"TAC,MHD",960,168,region_constrained,land_sea,weight,axis_parallel,balanced,lat_lon_metres,250,250,0.1520627712546148,3.533911788862505e-09,-2.8221833261378416e-09,0.9855869477887061
MHD,10m,July,july_20_26,2019-07-20,2019-07-26,2019-07-18,2019-07-28,"TAC,MHD",960,168,region_constrained,land_sea,weight,inertial,count,row_column,250,250,0.09971527270979505,2.3173652226076352e-09,8.279441048774912e-10,0.9777796581190891
MHD,10m,July,july_20_26,2019-07-20,2019-07-26,2019-07-18,2019-07-28,"TAC,MHD",960,168,region_constrained,land_sea,weight,inertial,count,lat_lon_metres,250,250,0.09260512807968277,2.1521267245744837e-09,8.565013719608573e-10,0.984676134200008
MHD,10m,July,july_20_26,2019-07-20,2019-07-26,2019-07-18,2019-07-28,"TAC,MHD",960,168,region_constrained,land_sea,weight,inertial,balanced,row_column,250,250,0.08969613338165823,2.084522204597176e-09,9.601538450099143e-10,0.9831691992898193
MHD,10m,July,july_20_26,2019-07-20,2019-07-26,2019-07-18,2019-07-28,"TAC,MHD",960,168,region_constrained,land_sea,weight,inertial,balanced,lat_lon_metres,250,250,0.06992578596713177,1.6250628430344612e-09,5.527361004911391e-10,0.9870208619497887
MHD,10m,July,july_20_26,2019-07-20,2019-07-26,2019-07-18,2019-07-28,"TAC,MHD",960,168,region_constrained,selected_countries,weight,axis_parallel,count,row_column,250,250,0.16683259904993236,3.877159962854716e-09,3.2056873568590663e-09,0.9734075645770491
MHD,10m,July,july_20_26,2019-07-20,2019-07-26,2019-07-18,2019-07-28,"TAC,MHD",960,168,region_constrained,selected_countries,weight,axis_parallel,count,lat_lon_metres,250,250,0.1397302070558107,3.247305187855062e-09,2.7564947778062894e-09,0.9826086926569497
MHD,10m,July,july_20_26,2019-07-20,2019-07-26,2019-07-18,2019-07-28,"TAC,MHD",960,168,region_constrained,selected_countries,weight,axis_parallel,balanced,row_column,250,250,0.139063933725751,3.231821114032941e-09,-2.4622659883473743e-09,0.9836581770494078
MHD,10m,July,july_20_26,2019-07-20,2019-07-26,2019-07-18,2019-07-28,"TAC,MHD",960,168,region_constrained,selected_countries,weight,axis_parallel,balanced,lat_lon_metres,250,250,0.12090014394120772,2.8096978663739927e-09,-2.0922480987388576e-09,0.982928351486032
MHD,10m,July,july_20_26,2019-07-20,2019-07-26,2019-07-18,2019-07-28,"TAC,MHD",960,168,region_constrained,selected_countries,weight,inertial,count,row_column,250,250,0.09130686820094151,2.1219553956381668e-09,1.3361108213132387e-10,0.9847422592708476
MHD,10m,July,july_20_26,2019-07-20,2019-07-26,2019-07-18,2019-07-28,"TAC,MHD",960,168,region_constrained,selected_countries,weight,inertial,count,lat_lon_metres,250,250,0.08456503601508848,1.965276413376125e-09,5.947454500385297e-10,0.9876402505041088
MHD,10m,July,july_20_26,2019-07-20,2019-07-26,2019-07-18,2019-07-28,"TAC,MHD",960,168,region_constrained,selected_countries,weight,inertial,balanced,row_column,250,250,0.051854831203117416,1.2050970647597652e-09,7.385187456733025e-10,0.994703687302861
MHD,10m,July,july_20_26,2019-07-20,2019-07-26,2019-07-18,2019-07-28,"TAC,MHD",960,168,region_constrained,selected_countries,weight,inertial,balanced,lat_lon_metres,250,250,0.07882601699898154,1.8319026310216822e-09,1.2024939065372802e-09,0.9906777478429782
MHD,10m,July,july_20_26,2019-07-20,2019-07-26,2019-07-18,2019-07-28,"TAC,MHD",960,168,bucketbasisfunction,land_sea,legacy,bucketbasisfunction,legacy,row_column,250,249,0.3404504593893164,7.9120081926236e-09,6.525066288504491e-09,0.9395802330099613
MHD,10m,July,july_20_26,2019-07-20,2019-07-26,2019-07-18,2019-07-28,"TAC,MHD",960,168,quadtreebasisfunction,no_mask,legacy,quadtreebasisfunction,legacy,row_column,250,250,0.3878005036063729,9.012414808136592e-09,7.318235856362131e-09,0.9260948272324546
